soort,species,abbr,gebied,intersect_area,type
heilige ibis,"Threskiornis aethiopicus Latham, 1790",Ta,Demervallei,822063.0947991994,HBTRL
heilige ibis,"Threskiornis aethiopicus Latham, 1790",Ta,"Valleien van de Laambeek, Zonderikbeek, Slangebeek en Roosterbeek met vijvergebieden en heiden",604956.1487149319,HBTRL
heilige ibis,"Threskiornis aethiopicus Latham, 1790",Ta,"Vennen, heiden en moerassen rond Turnhout",251127.47172915554,HBTRL
heilige ibis,"Threskiornis aethiopicus Latham, 1790",Ta,De Demervallei,999307.3188120677,VGLRL
heilige ibis,"Threskiornis aethiopicus Latham, 1790",Ta,Schorren en polders van de Beneden-Schelde,885113.3469220089,VGLRL
heilige ibis,"Threskiornis aethiopicus Latham, 1790",Ta,Het Vijvercomplex van Midden-Limburg,634330.1821765995,VGLRL
heilige ibis,"Threskiornis aethiopicus Latham, 1790",Ta,Demerland & Zuiderkempen,1055393.426114597,anb-regio
heilige ibis,"Threskiornis aethiopicus Latham, 1790",Ta,Antwerpse Kempen,893130.9461902911,anb-regio
heilige ibis,"Threskiornis aethiopicus Latham, 1790",Ta,Kust & Westhoek,66762.31708462571,anb-regio
heilige ibis,"Threskiornis aethiopicus Latham, 1790",Ta,Vijvercomplex,558390.2393605682,anb-domein
heilige ibis,"Threskiornis aethiopicus Latham, 1790",Ta,Linkerscheldeoever - Doelpolder Noord,535536.7926371845,anb-domein
heilige ibis,"Threskiornis aethiopicus Latham, 1790",Ta,Webbekoms en Diesters Broek,282265.04783981695,anb-domein
heilige ibis,"Threskiornis aethiopicus Latham, 1790",Ta,Vijvercomplex Midden-Limburg,565295.5134141485,NBHP
heilige ibis,"Threskiornis aethiopicus Latham, 1790",Ta,Webbekomsbroek-Borchbeemden,271903.22451252025,NBHP
heilige ibis,"Threskiornis aethiopicus Latham, 1790",Ta,Schulensbroek,252371.52563812642,NBHP
nijlgans,"Alopochen aegyptiacus Linnaeus, 1766",Aae,Schelde- en Durme-estuarium van de Nederlandse grens tot Gent,27127829.43170205,HBTRL
nijlgans,"Alopochen aegyptiacus Linnaeus, 1766",Aae,Demervallei,14984241.743311437,HBTRL
nijlgans,"Alopochen aegyptiacus Linnaeus, 1766",Aae,"Bovenloop van de Grote Nete met Zammelsbroek, Langdonken en Goor",9537978.231342547,HBTRL
nijlgans,"Alopochen aegyptiacus Linnaeus, 1766",Aae,Poldercomplex,35250480.60130176,VGLRL
nijlgans,"Alopochen aegyptiacus Linnaeus, 1766",Aae,De Demervallei,19387848.93590551,VGLRL
nijlgans,"Alopochen aegyptiacus Linnaeus, 1766",Aae,Schorren en polders van de Beneden-Schelde,17289205.480569407,VGLRL
nijlgans,"Alopochen aegyptiacus Linnaeus, 1766",Aae,Antwerpse Kempen,23322499.22014166,anb-regio
nijlgans,"Alopochen aegyptiacus Linnaeus, 1766",Aae,Taxandria,15358325.693402424,anb-regio
nijlgans,"Alopochen aegyptiacus Linnaeus, 1766",Aae,Kust & Westhoek,14225163.624420766,anb-regio
nijlgans,"Alopochen aegyptiacus Linnaeus, 1766",Aae,De Polders van Kruibeke,3518935.965341385,anb-domein
nijlgans,"Alopochen aegyptiacus Linnaeus, 1766",Aae,Vijvercomplex,2371114.307729308,anb-domein
nijlgans,"Alopochen aegyptiacus Linnaeus, 1766",Aae,Dijlevallei,1989071.450111772,anb-domein
nijlgans,"Alopochen aegyptiacus Linnaeus, 1766",Aae,Onbevaarbare waterlopen 1e categorie,5372424.467688156,NBHP
nijlgans,"Alopochen aegyptiacus Linnaeus, 1766",Aae,Polders van Kruibeke,3639761.349953679,NBHP
nijlgans,"Alopochen aegyptiacus Linnaeus, 1766",Aae,Schulensbroek,3516378.588957625,NBHP
rimpelroos,Rosa rugosa Thunb.,Rr,Duingebieden inclusief IJzermonding en Zwin,10233021.559832687,HBTRL
rimpelroos,Rosa rugosa Thunb.,Rr,Schelde- en Durme-estuarium van de Nederlandse grens tot Gent,943619.6053146899,HBTRL
rimpelroos,Rosa rugosa Thunb.,Rr,"Valleigebied van de Kleine Nete met brongebieden, moerassen en heiden",481020.36783338117,HBTRL
rimpelroos,Rosa rugosa Thunb.,Rr,Westkust,3015506.3870938686,VGLRL
rimpelroos,Rosa rugosa Thunb.,Rr,Het Zwin,1290477.3241110113,VGLRL
rimpelroos,Rosa rugosa Thunb.,Rr,De Ronde Put,741788.1203428954,VGLRL
rimpelroos,Rosa rugosa Thunb.,Rr,Kust & Westhoek,6391686.162004292,anb-regio
rimpelroos,Rosa rugosa Thunb.,Rr,Taxandria,608238.9484282266,anb-regio
rimpelroos,Rosa rugosa Thunb.,Rr,Antwerpse Kempen,541812.5934952665,anb-regio
rimpelroos,Rosa rugosa Thunb.,Rr,De Westhoek,997387.5013965413,anb-domein
rimpelroos,Rosa rugosa Thunb.,Rr,Zwinduinen en -polders,635253.4367534835,anb-domein
rimpelroos,Rosa rugosa Thunb.,Rr,Het Zwin,404163.56818086345,anb-domein
rimpelroos,Rosa rugosa Thunb.,Rr,Duinbossen van De Haan,1581264.7553547318,NBHP
rimpelroos,Rosa rugosa Thunb.,Rr,Duinen en Bossen van De Panne,1405056.865005734,NBHP
rimpelroos,Rosa rugosa Thunb.,Rr,Zwinduinen en Polders,1043266.1834187385,NBHP
Amerikaanse vogelkers,Prunus serotina Ehrh.,Pse,Demervallei,8958819.634263877,HBTRL
Amerikaanse vogelkers,Prunus serotina Ehrh.,Pse,Duingebieden inclusief IJzermonding en Zwin,8169165.147213496,HBTRL
Amerikaanse vogelkers,Prunus serotina Ehrh.,Pse,"Valleigebied van de Kleine Nete met brongebieden, moerassen en heiden",6431540.549310436,HBTRL
Amerikaanse vogelkers,Prunus serotina Ehrh.,Pse,"Hamonterheide, Hageven, Buitenheide, Stamprooierbroek en Mariahof",6253083.230895926,VGLRL
Amerikaanse vogelkers,Prunus serotina Ehrh.,Pse,De Demervallei,5775341.490936479,VGLRL
Amerikaanse vogelkers,Prunus serotina Ehrh.,Pse,Militair domein en de vallei van de Zwarte Beek,5613984.5849453295,VGLRL
Amerikaanse vogelkers,Prunus serotina Ehrh.,Pse,Demerland & Zuiderkempen,15169004.043196868,anb-regio
Amerikaanse vogelkers,Prunus serotina Ehrh.,Pse,Hoge Kempen tot Voeren,14304470.87238729,anb-regio
Amerikaanse vogelkers,Prunus serotina Ehrh.,Pse,Antwerpse Kempen,10558866.687546121,anb-regio
Amerikaanse vogelkers,Prunus serotina Ehrh.,Pse,MD Kamp Beverlo,2089676.0086997147,anb-domein
Amerikaanse vogelkers,Prunus serotina Ehrh.,Pse,De Westhoek,1647616.191969967,anb-domein
Amerikaanse vogelkers,Prunus serotina Ehrh.,Pse,Meerdaalwoud,1609544.5379047727,anb-domein
Amerikaanse vogelkers,Prunus serotina Ehrh.,Pse,Meerdaalwoud-Heverleebos,2752395.4207255286,NBHP
Amerikaanse vogelkers,Prunus serotina Ehrh.,Pse,BHP06/41-512-5/262 - stad Genk,2241951.067491544,NBHP
Amerikaanse vogelkers,Prunus serotina Ehrh.,Pse,Duinen en Bossen van De Panne,2021621.9454138593,NBHP
reuzenberenklauw,Heracleum mantegazzianum Sommier & Levier,Hm,Bossen van de Vlaamse Ardennen en andere Zuidvlaamse bossen,1304915.9685517321,HBTRL
reuzenberenklauw,Heracleum mantegazzianum Sommier & Levier,Hm,"Vallei- en brongebieden van de Zwarte Beek, Bolisserbeek en Dommel met heide en vengebieden",1074045.8658684168,HBTRL
reuzenberenklauw,Heracleum mantegazzianum Sommier & Levier,Hm,Bossen van het zuidoosten van de Zandleemstreek,921118.7842724702,HBTRL
reuzenberenklauw,Heracleum mantegazzianum Sommier & Levier,Hm,De Demervallei,826535.3454982865,VGLRL
reuzenberenklauw,Heracleum mantegazzianum Sommier & Levier,Hm,Poldercomplex,761931.8313067646,VGLRL
reuzenberenklauw,Heracleum mantegazzianum Sommier & Levier,Hm,Durme en de middenloop van de Schelde,753608.3743269895,VGLRL
reuzenberenklauw,Heracleum mantegazzianum Sommier & Levier,Hm,Vlaamse Ardennen & Schelde-Leie,1732233.7006867263,anb-regio
reuzenberenklauw,Heracleum mantegazzianum Sommier & Levier,Hm,Groene Gordels,1529874.4547095979,anb-regio
reuzenberenklauw,Heracleum mantegazzianum Sommier & Levier,Hm,Antwerpse Kempen,1248532.8184477757,anb-regio
reuzenberenklauw,Heracleum mantegazzianum Sommier & Levier,Hm,De Gavers,295835.0687877146,anb-domein
reuzenberenklauw,Heracleum mantegazzianum Sommier & Levier,Hm,Tangebeekbos,285781.0990764912,anb-domein
reuzenberenklauw,Heracleum mantegazzianum Sommier & Levier,Hm,Dorent,278434.1053113196,anb-domein
reuzenberenklauw,Heracleum mantegazzianum Sommier & Levier,Hm,Onbevaarbare waterlopen 1e categorie,706058.9846371154,NBHP
reuzenberenklauw,Heracleum mantegazzianum Sommier & Levier,Hm,Scheldemeersen,320031.0127022474,NBHP
reuzenberenklauw,Heracleum mantegazzianum Sommier & Levier,Hm,Dorent,254191.31751904872,NBHP
Canadese gans,"Branta canadensis (Linnaeus, 1758)",Bc,Schelde- en Durme-estuarium van de Nederlandse grens tot Gent,30617402.038619183,HBTRL
Canadese gans,"Branta canadensis (Linnaeus, 1758)",Bc,Demervallei,12207391.733647194,HBTRL
Canadese gans,"Branta canadensis (Linnaeus, 1758)",Bc,Polders,10950775.705377415,HBTRL
Canadese gans,"Branta canadensis (Linnaeus, 1758)",Bc,Poldercomplex,29144402.84771412,VGLRL
Canadese gans,"Branta canadensis (Linnaeus, 1758)",Bc,Schorren en polders van de Beneden-Schelde,22668835.220764764,VGLRL
Canadese gans,"Branta canadensis (Linnaeus, 1758)",Bc,Durme en de middenloop van de Schelde,18016271.522290163,VGLRL
Canadese gans,"Branta canadensis (Linnaeus, 1758)",Bc,Antwerpse Kempen,25801762.074103978,anb-regio
Canadese gans,"Branta canadensis (Linnaeus, 1758)",Bc,Taxandria,16204750.43177661,anb-regio
Canadese gans,"Branta canadensis (Linnaeus, 1758)",Bc,Kust & Westhoek,15549834.41400481,anb-regio
Canadese gans,"Branta canadensis (Linnaeus, 1758)",Bc,De Polders van Kruibeke,3726502.6136214687,anb-domein
Canadese gans,"Branta canadensis (Linnaeus, 1758)",Bc,Het Zwin,2317968.193815003,anb-domein
Canadese gans,"Branta canadensis (Linnaeus, 1758)",Bc,Kalmthoutse Heide - Eig. Gem. Kalmthout,2194837.7314868853,anb-domein
Canadese gans,"Branta canadensis (Linnaeus, 1758)",Bc,Onbevaarbare waterlopen 1e categorie,5143720.385266657,NBHP
Canadese gans,"Branta canadensis (Linnaeus, 1758)",Bc,Polders van Kruibeke,3852975.4018917386,NBHP
Canadese gans,"Branta canadensis (Linnaeus, 1758)",Bc,Zwinduinen en Polders,3608874.611420964,NBHP
verspreidbladige waterpest,Lagarosiphon major (Ridley) Moss,Lm,Duingebieden inclusief IJzermonding en Zwin,62389.20331587308,HBTRL
verspreidbladige waterpest,Lagarosiphon major (Ridley) Moss,Lm,Bossen van het zuidoosten van de Zandleemstreek,33267.062578281446,HBTRL
verspreidbladige waterpest,Lagarosiphon major (Ridley) Moss,Lm,De Demervallei,23570.847184363403,VGLRL
verspreidbladige waterpest,Lagarosiphon major (Ridley) Moss,Lm,Kust & Westhoek,55767.43875211361,anb-regio
verspreidbladige waterpest,Lagarosiphon major (Ridley) Moss,Lm,Vlaamse Ardennen & Schelde-Leie,33701.07143502585,anb-regio
verspreidbladige waterpest,Lagarosiphon major (Ridley) Moss,Lm,Demerland & Zuiderkempen,3874.70775330966,anb-regio
verspreidbladige waterpest,Lagarosiphon major (Ridley) Moss,Lm,De Noordduinen,48249.557848129916,anb-domein
verspreidbladige waterpest,Lagarosiphon major (Ridley) Moss,Lm,Makegemse bossen,30549.25125469926,anb-domein
verspreidbladige waterpest,Lagarosiphon major (Ridley) Moss,Lm,Kwartier Adj VI F. Allaeys,7517.880903983692,anb-domein
verspreidbladige waterpest,Lagarosiphon major (Ridley) Moss,Lm,Noordduinen,50782.674276912294,NBHP
verspreidbladige waterpest,Lagarosiphon major (Ridley) Moss,Lm,Makegemse Bossen,30622.547433302156,NBHP
verspreidbladige waterpest,Lagarosiphon major (Ridley) Moss,Lm,Bourgoyen-Ossemeersen,24514.857058350444,NBHP
zonnebaars,"Lepomis gibbosus Linnaeus, 1758",Lgi,"Bovenloop van de Grote Nete met Zammelsbroek, Langdonken en Goor",949461.3472961863,HBTRL
zonnebaars,"Lepomis gibbosus Linnaeus, 1758",Lgi,"Vennen, heiden en moerassen rond Turnhout",512729.43479594134,HBTRL
zonnebaars,"Lepomis gibbosus Linnaeus, 1758",Lgi,Demervallei,463559.67381838866,HBTRL
zonnebaars,"Lepomis gibbosus Linnaeus, 1758",Lgi,De Demervallei,452938.585602686,VGLRL
zonnebaars,"Lepomis gibbosus Linnaeus, 1758",Lgi,Durme en de middenloop van de Schelde,353213.3732059268,VGLRL
zonnebaars,"Lepomis gibbosus Linnaeus, 1758",Lgi,De Ronde Put,312657.20219097903,VGLRL
zonnebaars,"Lepomis gibbosus Linnaeus, 1758",Lgi,Taxandria,880552.8358845542,anb-regio
zonnebaars,"Lepomis gibbosus Linnaeus, 1758",Lgi,Demerland & Zuiderkempen,424871.1274407216,anb-regio
zonnebaars,"Lepomis gibbosus Linnaeus, 1758",Lgi,Antwerpse Kempen,307570.85087404377,anb-regio
zonnebaars,"Lepomis gibbosus Linnaeus, 1758",Lgi,Goorken,194267.90706936264,anb-domein
zonnebaars,"Lepomis gibbosus Linnaeus, 1758",Lgi,De Polders van Kruibeke,153648.58085370297,anb-domein
zonnebaars,"Lepomis gibbosus Linnaeus, 1758",Lgi,Prinsenpark,100044.30434145132,anb-domein
zonnebaars,"Lepomis gibbosus Linnaeus, 1758",Lgi,Bos- en aanvullend landschapsbeheerplan Bokrijk,193880.4923362756,NBHP
zonnebaars,"Lepomis gibbosus Linnaeus, 1758",Lgi,Goorken-Rode Del,168470.76893322408,NBHP
zonnebaars,"Lepomis gibbosus Linnaeus, 1758",Lgi,Polders van Kruibeke,150305.56573895717,NBHP
rosse stekelstaart,"Oxyura jamaicensis Gmelin, 1789",Oj,Kalmthoutse Heide,253096.8572447695,HBTRL
rosse stekelstaart,"Oxyura jamaicensis Gmelin, 1789",Oj,Schelde- en Durme-estuarium van de Nederlandse grens tot Gent,138393.58729913202,HBTRL
rosse stekelstaart,"Oxyura jamaicensis Gmelin, 1789",Oj,Bos- en heidegebieden ten oosten van Antwerpen,94204.72123729408,HBTRL
rosse stekelstaart,"Oxyura jamaicensis Gmelin, 1789",Oj,IJzervallei,517060.87563715223,VGLRL
rosse stekelstaart,"Oxyura jamaicensis Gmelin, 1789",Oj,Schorren en polders van de Beneden-Schelde,478986.2312710412,VGLRL
rosse stekelstaart,"Oxyura jamaicensis Gmelin, 1789",Oj,De Kuifeend en de Blokkersdijk,322775.9746416048,VGLRL
rosse stekelstaart,"Oxyura jamaicensis Gmelin, 1789",Oj,Antwerpse Kempen,669189.6293079993,anb-regio
rosse stekelstaart,"Oxyura jamaicensis Gmelin, 1789",Oj,Kust & Westhoek,271593.2874712381,anb-regio
rosse stekelstaart,"Oxyura jamaicensis Gmelin, 1789",Oj,Taxandria,190882.95036305592,anb-regio
rosse stekelstaart,"Oxyura jamaicensis Gmelin, 1789",Oj,Linkerscheldeoever - Groot Rietveld,197508.449040174,anb-domein
rosse stekelstaart,"Oxyura jamaicensis Gmelin, 1789",Oj,Linkerscheldeoever - Verrebroekse Plassen,186670.3707722318,anb-domein
rosse stekelstaart,"Oxyura jamaicensis Gmelin, 1789",Oj,De Gavers,130567.19707381446,anb-domein
rosse stekelstaart,"Oxyura jamaicensis Gmelin, 1789",Oj,De Blankaart,350909.6839374749,NBHP
rosse stekelstaart,"Oxyura jamaicensis Gmelin, 1789",Oj,Stappersven,247625.8310316812,NBHP
rosse stekelstaart,"Oxyura jamaicensis Gmelin, 1789",Oj,Kuifeend - Grote Kreek,242106.6959505027,NBHP
sneeuwbes,Symphoricarpos albus (L.) K.Koch,Sa,Duingebieden inclusief IJzermonding en Zwin,1931333.5991752974,HBTRL
sneeuwbes,Symphoricarpos albus (L.) K.Koch,Sa,Schelde- en Durme-estuarium van de Nederlandse grens tot Gent,661245.1531747405,HBTRL
sneeuwbes,Symphoricarpos albus (L.) K.Koch,Sa,Bossen van het zuidoosten van de Zandleemstreek,569568.4961057157,HBTRL
sneeuwbes,Symphoricarpos albus (L.) K.Koch,Sa,Westkust,607913.2419393515,VGLRL
sneeuwbes,Symphoricarpos albus (L.) K.Koch,Sa,De Demervallei,555314.0962320613,VGLRL
sneeuwbes,Symphoricarpos albus (L.) K.Koch,Sa,Durme en de middenloop van de Schelde,454579.031366508,VGLRL
sneeuwbes,Symphoricarpos albus (L.) K.Koch,Sa,Kust & Westhoek,1697408.6390842344,anb-regio
sneeuwbes,Symphoricarpos albus (L.) K.Koch,Sa,Groene Gordels,1324377.2006965561,anb-regio
sneeuwbes,Symphoricarpos albus (L.) K.Koch,Sa,Antwerpse Kempen,1274745.383198432,anb-regio
sneeuwbes,Symphoricarpos albus (L.) K.Koch,Sa,Zonienwoud,386724.08009942493,anb-domein
sneeuwbes,Symphoricarpos albus (L.) K.Koch,Sa,Plantentuin Meise,371103.2164923239,anb-domein
sneeuwbes,Symphoricarpos albus (L.) K.Koch,Sa,Vrijbroekpark,252115.31295182314,anb-domein
sneeuwbes,Symphoricarpos albus (L.) K.Koch,Sa,Zoniënwoud,413321.3575499901,NBHP
sneeuwbes,Symphoricarpos albus (L.) K.Koch,Sa,Duinen en Bossen van De Panne,309384.98081141635,NBHP
sneeuwbes,Symphoricarpos albus (L.) K.Koch,Sa,Onbevaarbare waterlopen 1e categorie,276101.7689980899,NBHP
parelvederkruid,Myriophyllum aquaticum (Vell.) Verdc.,Mya,Demervallei,685568.7962908386,HBTRL
parelvederkruid,Myriophyllum aquaticum (Vell.) Verdc.,Mya,"Bovenloop van de Grote Nete met Zammelsbroek, Langdonken en Goor",655968.6275297683,HBTRL
parelvederkruid,Myriophyllum aquaticum (Vell.) Verdc.,Mya,"Valleien van de Laambeek, Zonderikbeek, Slangebeek en Roosterbeek met vijvergebieden en heiden",539140.4319019855,HBTRL
parelvederkruid,Myriophyllum aquaticum (Vell.) Verdc.,Mya,De Demervallei,1041677.8188444917,VGLRL
parelvederkruid,Myriophyllum aquaticum (Vell.) Verdc.,Mya,"Hamonterheide, Hageven, Buitenheide, Stamprooierbroek en Mariahof",346275.2649450908,VGLRL
parelvederkruid,Myriophyllum aquaticum (Vell.) Verdc.,Mya,Het Vijvercomplex van Midden-Limburg,225689.9216184169,VGLRL
parelvederkruid,Myriophyllum aquaticum (Vell.) Verdc.,Mya,Demerland & Zuiderkempen,571060.8298442886,anb-regio
parelvederkruid,Myriophyllum aquaticum (Vell.) Verdc.,Mya,Antwerpse Kempen,328460.04358978645,anb-regio
parelvederkruid,Myriophyllum aquaticum (Vell.) Verdc.,Mya,Lage tot aan Hoge Kempen,237545.47018873584,anb-regio
parelvederkruid,Myriophyllum aquaticum (Vell.) Verdc.,Mya,Demerbroeken,177908.90874663036,anb-domein
parelvederkruid,Myriophyllum aquaticum (Vell.) Verdc.,Mya,MD Klein Schietveld,150362.8091593783,anb-domein
parelvederkruid,Myriophyllum aquaticum (Vell.) Verdc.,Mya,De Uitlegger,148272.04812962696,anb-domein
parelvederkruid,Myriophyllum aquaticum (Vell.) Verdc.,Mya,Onbevaarbare waterlopen 1e categorie,210762.92302596528,NBHP
parelvederkruid,Myriophyllum aquaticum (Vell.) Verdc.,Mya,Vallei van de Zwarte Beek,160360.9649435509,NBHP
parelvederkruid,Myriophyllum aquaticum (Vell.) Verdc.,Mya,Visbeekvallei,154671.22829105053,NBHP
late guldenroede,Solidago gigantea Aiton,Sg,Demervallei,1738647.9042912303,HBTRL
late guldenroede,Solidago gigantea Aiton,Sg,Schelde- en Durme-estuarium van de Nederlandse grens tot Gent,1575886.9623050895,HBTRL
late guldenroede,Solidago gigantea Aiton,Sg,"Bovenloop van de Grote Nete met Zammelsbroek, Langdonken en Goor",1547588.0040824716,HBTRL
late guldenroede,Solidago gigantea Aiton,Sg,Durme en de middenloop van de Schelde,1108773.380647814,VGLRL
late guldenroede,Solidago gigantea Aiton,Sg,"Hamonterheide, Hageven, Buitenheide, Stamprooierbroek en Mariahof",991808.96964225394,VGLRL
late guldenroede,Solidago gigantea Aiton,Sg,De Demervallei,844390.9586818598,VGLRL
late guldenroede,Solidago gigantea Aiton,Sg,Groene Gordels,1798803.4080645132,anb-regio
late guldenroede,Solidago gigantea Aiton,Sg,Taxandria,1460827.5001272305,anb-regio
late guldenroede,Solidago gigantea Aiton,Sg,Antwerpse Kempen,1412839.947770318,anb-regio
late guldenroede,Solidago gigantea Aiton,Sg,Ophovenderheide,419651.5396757596,anb-domein
late guldenroede,Solidago gigantea Aiton,Sg,Teut-Ten Haagdoorn,409362.97214163246,anb-domein
late guldenroede,Solidago gigantea Aiton,Sg,Vallei van de Grote Nete - Regio SN - Eig. ANB,359575.67929327086,anb-domein
late guldenroede,Solidago gigantea Aiton,Sg,Dal van de Grensmaas,1074184.126529399,NBHP
late guldenroede,Solidago gigantea Aiton,Sg,Vallei van de Grote Nete Hullebrug-Herenbossen,997264.2324024804,NBHP
late guldenroede,Solidago gigantea Aiton,Sg,Averbode Bos en Heide,666095.518075278,NBHP
smalle waterpest,Elodea nuttallii (Planch.) St. John,En,Demervallei,847246.4229252186,HBTRL
smalle waterpest,Elodea nuttallii (Planch.) St. John,En,"Valleigebied van de Kleine Nete met brongebieden, moerassen en heiden",709059.8130678833,HBTRL
smalle waterpest,Elodea nuttallii (Planch.) St. John,En,Abeek met aangrenzende moerasgebieden,571494.3683052262,HBTRL
smalle waterpest,Elodea nuttallii (Planch.) St. John,En,De Demervallei,999214.7042562787,VGLRL
smalle waterpest,Elodea nuttallii (Planch.) St. John,En,"Hamonterheide, Hageven, Buitenheide, Stamprooierbroek en Mariahof",967402.9398694071,VGLRL
smalle waterpest,Elodea nuttallii (Planch.) St. John,En,IJzervallei,538897.4334966688,VGLRL
smalle waterpest,Elodea nuttallii (Planch.) St. John,En,Demerland & Zuiderkempen,683287.1105320884,anb-regio
smalle waterpest,Elodea nuttallii (Planch.) St. John,En,Taxandria,665972.4542999651,anb-regio
smalle waterpest,Elodea nuttallii (Planch.) St. John,En,Antwerpse Kempen,390522.6331558725,anb-regio
smalle waterpest,Elodea nuttallii (Planch.) St. John,En,De Melle,215228.2160429845,anb-domein
smalle waterpest,Elodea nuttallii (Planch.) St. John,En,Webbekoms en Diesters Broek,206668.46734742352,anb-domein
smalle waterpest,Elodea nuttallii (Planch.) St. John,En,Scheps,150401.62027343124,anb-domein
smalle waterpest,Elodea nuttallii (Planch.) St. John,En,Dal van de Grensmaas,456623.8881733921,NBHP
smalle waterpest,Elodea nuttallii (Planch.) St. John,En,Onbevaarbare waterlopen 1e categorie,395774.83621888794,NBHP
smalle waterpest,Elodea nuttallii (Planch.) St. John,En,De Maat,285077.45346801146,NBHP
mahonie,Mahonia aquifolium (Pursh) Nutt.,Maa,Duingebieden inclusief IJzermonding en Zwin,6166653.704845695,HBTRL
mahonie,Mahonia aquifolium (Pursh) Nutt.,Maa,"Valleigebied van de Kleine Nete met brongebieden, moerassen en heiden",436750.87790420663,HBTRL
mahonie,Mahonia aquifolium (Pursh) Nutt.,Maa,Schelde- en Durme-estuarium van de Nederlandse grens tot Gent,428296.3864619334,HBTRL
mahonie,Mahonia aquifolium (Pursh) Nutt.,Maa,Westkust,3723728.528183688,VGLRL
mahonie,Mahonia aquifolium (Pursh) Nutt.,Maa,"Bocholt, Hechtel-Eksel, Meeuwen-Gruitrode, Neerpelt en Peer",408145.9475451472,VGLRL
mahonie,Mahonia aquifolium (Pursh) Nutt.,Maa,"Hamonterheide, Hageven, Buitenheide, Stamprooierbroek en Mariahof",385239.26976372337,VGLRL
mahonie,Mahonia aquifolium (Pursh) Nutt.,Maa,Kust & Westhoek,5181420.699417527,anb-regio
mahonie,Mahonia aquifolium (Pursh) Nutt.,Maa,Antwerpse Kempen,583590.594812924,anb-regio
mahonie,Mahonia aquifolium (Pursh) Nutt.,Maa,Lage tot aan Hoge Kempen,548292.6705844774,anb-regio
mahonie,Mahonia aquifolium (Pursh) Nutt.,Maa,De Doornpanne,729321.9242799302,anb-domein
mahonie,Mahonia aquifolium (Pursh) Nutt.,Maa,De Westhoek,648295.1027494608,anb-domein
mahonie,Mahonia aquifolium (Pursh) Nutt.,Maa,De Noordduinen,442828.71039005596,anb-domein
mahonie,Mahonia aquifolium (Pursh) Nutt.,Maa,LIFE+ flandre,1412698.907216673,NBHP
mahonie,Mahonia aquifolium (Pursh) Nutt.,Maa,Duinen en Bossen van De Panne,1260133.236682786,NBHP
mahonie,Mahonia aquifolium (Pursh) Nutt.,Maa,BP/WV/04/001/OP IWVA-St-André,726871.7051911238,NBHP
grote waternavel,Hydrocotyle ranunculoides L. f.,Hr,"Bovenloop van de Grote Nete met Zammelsbroek, Langdonken en Goor",755307.4352374997,HBTRL
grote waternavel,Hydrocotyle ranunculoides L. f.,Hr,Demervallei,494006.177386586,HBTRL
grote waternavel,Hydrocotyle ranunculoides L. f.,Hr,Abeek met aangrenzende moerasgebieden,462330.4205537273,HBTRL
grote waternavel,Hydrocotyle ranunculoides L. f.,Hr,De Demervallei,2557845.902248576,VGLRL
grote waternavel,Hydrocotyle ranunculoides L. f.,Hr,"Hamonterheide, Hageven, Buitenheide, Stamprooierbroek en Mariahof",920500.5901128646,VGLRL
grote waternavel,Hydrocotyle ranunculoides L. f.,Hr,Poldercomplex,243095.7585260387,VGLRL
grote waternavel,Hydrocotyle ranunculoides L. f.,Hr,Demerland & Zuiderkempen,826706.0251924541,anb-regio
grote waternavel,Hydrocotyle ranunculoides L. f.,Hr,Vlaamse Ardennen & Schelde-Leie,617966.3290071263,anb-regio
grote waternavel,Hydrocotyle ranunculoides L. f.,Hr,Groene Gordels,359858.87406917266,anb-regio
grote waternavel,Hydrocotyle ranunculoides L. f.,Hr,Broek De Naeyer,331245.74910811643,anb-domein
grote waternavel,Hydrocotyle ranunculoides L. f.,Hr,Demerbroeken,241914.2157815974,anb-domein
grote waternavel,Hydrocotyle ranunculoides L. f.,Hr,Webbekoms en Diesters Broek,236386.1837871586,anb-domein
grote waternavel,Hydrocotyle ranunculoides L. f.,Hr,Onbevaarbare waterlopen 1e categorie,907773.7244013061,NBHP
grote waternavel,Hydrocotyle ranunculoides L. f.,Hr,Provinciaal Domein Broek De Naeyer,357394.1846856209,NBHP
grote waternavel,Hydrocotyle ranunculoides L. f.,Hr,Webbekomsbroek-Borchbeemden,279332.4216798453,NBHP
Chinese muntjak,"Muntiacus reevesi Ogilby, 1839",Mr,"Vennen, heiden en moerassen rond Turnhout",147158.17517965735,HBTRL
Chinese muntjak,"Muntiacus reevesi Ogilby, 1839",Mr,Klein en Groot Schietveld,87801.8241704492,HBTRL
Chinese muntjak,"Muntiacus reevesi Ogilby, 1839",Mr,Historische fortengordels van Antwerpen als vleermuizenhabitats,65254.340681340545,HBTRL
Chinese muntjak,"Muntiacus reevesi Ogilby, 1839",Mr,"De Maatjes, Wuustwezelheide en Groot Schietveld",96321.62463676977,VGLRL
Chinese muntjak,"Muntiacus reevesi Ogilby, 1839",Mr,De Demervallei,66024.22817878996,VGLRL
Chinese muntjak,"Muntiacus reevesi Ogilby, 1839",Mr,"Arendonk, Merksplas, Oud-Turnhout, Ravels en Turnhout",50863.02155519862,VGLRL
Chinese muntjak,"Muntiacus reevesi Ogilby, 1839",Mr,Antwerpse Kempen,603415.5331252378,anb-regio
Chinese muntjak,"Muntiacus reevesi Ogilby, 1839",Mr,Groene Gordels,517335.5060262804,anb-regio
Chinese muntjak,"Muntiacus reevesi Ogilby, 1839",Mr,Taxandria,73614.6190741627,anb-regio
Chinese muntjak,"Muntiacus reevesi Ogilby, 1839",Mr,Vordenstein,487419.07351922314,anb-domein
Chinese muntjak,"Muntiacus reevesi Ogilby, 1839",Mr,De Inslag - Eig. ANB,322779.451341761,anb-domein
Chinese muntjak,"Muntiacus reevesi Ogilby, 1839",Mr,West-Beersgat,96737.3424420049,anb-domein
Chinese muntjak,"Muntiacus reevesi Ogilby, 1839",Mr,UBP/AN/10/04 - Kapellen-Schoten-Brasschaat,589472.3450015482,NBHP
Chinese muntjak,"Muntiacus reevesi Ogilby, 1839",Mr,Vordenstein,386597.1239232293,NBHP
Chinese muntjak,"Muntiacus reevesi Ogilby, 1839",Mr,Calesberg Schoten,71214.30262550309,NBHP
Japans hoefblad,Petasites japonicus (Siebold & Zucc.) Maxim.,Pj,Schelde- en Durme-estuarium van de Nederlandse grens tot Gent,60727.547439193004,HBTRL
Japans hoefblad,Petasites japonicus (Siebold & Zucc.) Maxim.,Pj,Bossen van het zuidoosten van de Zandleemstreek,48256.48735012641,HBTRL
Japans hoefblad,Petasites japonicus (Siebold & Zucc.) Maxim.,Pj,"Vallei- en brongebieden van de Zwarte Beek, Bolisserbeek en Dommel met heide en vengebieden",42651.72351313429,HBTRL
Japans hoefblad,Petasites japonicus (Siebold & Zucc.) Maxim.,Pj,Militair domein en de vallei van de Zwarte Beek,42651.72351313429,VGLRL
Japans hoefblad,Petasites japonicus (Siebold & Zucc.) Maxim.,Pj,Durme en de middenloop van de Schelde,31401.573745759844,VGLRL
Japans hoefblad,Petasites japonicus (Siebold & Zucc.) Maxim.,Pj,Kalmthoutse Heide,9363.76241976297,VGLRL
Japans hoefblad,Petasites japonicus (Siebold & Zucc.) Maxim.,Pj,Kust & Westhoek,61135.12151614383,anb-regio
Japans hoefblad,Petasites japonicus (Siebold & Zucc.) Maxim.,Pj,Zandig Vlaanderen,47137.78818526227,anb-regio
Japans hoefblad,Petasites japonicus (Siebold & Zucc.) Maxim.,Pj,Vlaamse Ardennen & Schelde-Leie,32797.018323953045,anb-regio
Japans hoefblad,Petasites japonicus (Siebold & Zucc.) Maxim.,Pj,t Veld,61135.12151614383,anb-domein
Japans hoefblad,Petasites japonicus (Siebold & Zucc.) Maxim.,Pj,Bulskampveld provincie,36150.739139343,anb-domein
Japans hoefblad,Petasites japonicus (Siebold & Zucc.) Maxim.,Pj,Vrijbroekpark,31401.57374576293,anb-domein
Japans hoefblad,Petasites japonicus (Siebold & Zucc.) Maxim.,Pj,BP/WV/07/001/OP-PR Groenhove,82866.39803451889,NBHP
Japans hoefblad,Petasites japonicus (Siebold & Zucc.) Maxim.,Pj,BP/WV/10/001/OP 't Veld,61003.671289948674,NBHP
Japans hoefblad,Petasites japonicus (Siebold & Zucc.) Maxim.,Pj,BP/WV/05/001/OP Bulskampveld,36150.739139343,NBHP
hemelboom,Ailanthus altissima (Mill.) Swingle,Aal,Duingebieden inclusief IJzermonding en Zwin,556142.7712275188,HBTRL
hemelboom,Ailanthus altissima (Mill.) Swingle,Aal,Schelde- en Durme-estuarium van de Nederlandse grens tot Gent,183640.26055811573,HBTRL
hemelboom,Ailanthus altissima (Mill.) Swingle,Aal,Historische fortengordels van Antwerpen als vleermuizenhabitats,88897.39505085611,HBTRL
hemelboom,Ailanthus altissima (Mill.) Swingle,Aal,Westkust,256376.91981560885,VGLRL
hemelboom,Ailanthus altissima (Mill.) Swingle,Aal,Militair domein en de vallei van de Zwarte Beek,125606.29498307023,VGLRL
hemelboom,Ailanthus altissima (Mill.) Swingle,Aal,Durme en de middenloop van de Schelde,108573.38340212536,VGLRL
hemelboom,Ailanthus altissima (Mill.) Swingle,Aal,Kust & Westhoek,372309.04266021115,anb-regio
hemelboom,Ailanthus altissima (Mill.) Swingle,Aal,Antwerpse Kempen,265420.98516682355,anb-regio
hemelboom,Ailanthus altissima (Mill.) Swingle,Aal,Groene Gordels,247844.7061540626,anb-regio
hemelboom,Ailanthus altissima (Mill.) Swingle,Aal,Calmeynbos,87804.69202106731,anb-domein
hemelboom,Ailanthus altissima (Mill.) Swingle,Aal,MD Kamp Beverlo,80171.38033600134,anb-domein
hemelboom,Ailanthus altissima (Mill.) Swingle,Aal,De Noordduinen,70615.6818599954,anb-domein
hemelboom,Ailanthus altissima (Mill.) Swingle,Aal,Dal van de Grensmaas,118048.22316001973,NBHP
hemelboom,Ailanthus altissima (Mill.) Swingle,Aal,UBP/AN/10/04 - Kapellen-Schoten-Brasschaat,111472.45235126327,NBHP
hemelboom,Ailanthus altissima (Mill.) Swingle,Aal,Onbevaarbare waterlopen 1e categorie,94099.08075640659,NBHP
Amerikaanse hondsvis,"Umbra pygmaea (DeKay, 1842)",Up,"Bovenloop van de Grote Nete met Zammelsbroek, Langdonken en Goor",303572.4924081223,HBTRL
Amerikaanse hondsvis,"Umbra pygmaea (DeKay, 1842)",Up,"Valleigebied van de Kleine Nete met brongebieden, moerassen en heiden",246419.9970649993,HBTRL
Amerikaanse hondsvis,"Umbra pygmaea (DeKay, 1842)",Up,"Valleien van de Laambeek, Zonderikbeek, Slangebeek en Roosterbeek met vijvergebieden en heiden",203638.5150576005,HBTRL
Amerikaanse hondsvis,"Umbra pygmaea (DeKay, 1842)",Up,Bokrijk en omgeving,156533.88016181032,VGLRL
Amerikaanse hondsvis,"Umbra pygmaea (DeKay, 1842)",Up,De Ronde Put,98591.68767160719,VGLRL
Amerikaanse hondsvis,"Umbra pygmaea (DeKay, 1842)",Up,"Hamonterheide, Hageven, Buitenheide, Stamprooierbroek en Mariahof",94993.03299661807,VGLRL
Amerikaanse hondsvis,"Umbra pygmaea (DeKay, 1842)",Up,Taxandria,224793.2939858997,anb-regio
Amerikaanse hondsvis,"Umbra pygmaea (DeKay, 1842)",Up,Demerland & Zuiderkempen,114627.28053326871,anb-regio
Amerikaanse hondsvis,"Umbra pygmaea (DeKay, 1842)",Up,Hoge Kempen tot Voeren,100631.61016079545,anb-regio
Amerikaanse hondsvis,"Umbra pygmaea (DeKay, 1842)",Up,Scheps,65840.01647193555,anb-domein
Amerikaanse hondsvis,"Umbra pygmaea (DeKay, 1842)",Up,Postels Natuurgebied - Deelgebied Ronde Put,52801.59526671731,anb-domein
Amerikaanse hondsvis,"Umbra pygmaea (DeKay, 1842)",Up,Nieuwe Heide,40040.200322552686,anb-domein
Amerikaanse hondsvis,"Umbra pygmaea (DeKay, 1842)",Up,Het Wik,88954.07928962758,NBHP
Amerikaanse hondsvis,"Umbra pygmaea (DeKay, 1842)",Up,Bos- en aanvullend landschapsbeheerplan Bokrijk,86919.63753700827,NBHP
Amerikaanse hondsvis,"Umbra pygmaea (DeKay, 1842)",Up,De Zegge,74218.10811989175,NBHP
Chinese wolhandkrab,"Eriocheir sinensis H. Milne Edwards, 1854",Es,Schelde- en Durme-estuarium van de Nederlandse grens tot Gent,2546419.337615393,HBTRL
Chinese wolhandkrab,"Eriocheir sinensis H. Milne Edwards, 1854",Es,"Valleigebied van de Kleine Nete met brongebieden, moerassen en heiden",489791.7746712825,HBTRL
Chinese wolhandkrab,"Eriocheir sinensis H. Milne Edwards, 1854",Es,Demervallei,473571.66227254865,HBTRL
Chinese wolhandkrab,"Eriocheir sinensis H. Milne Edwards, 1854",Es,Durme en de middenloop van de Schelde,1280772.567590643,VGLRL
Chinese wolhandkrab,"Eriocheir sinensis H. Milne Edwards, 1854",Es,De Demervallei,1022716.9408686329,VGLRL
Chinese wolhandkrab,"Eriocheir sinensis H. Milne Edwards, 1854",Es,IJzervallei,462402.5327425145,VGLRL
Chinese wolhandkrab,"Eriocheir sinensis H. Milne Edwards, 1854",Es,Antwerpse Kempen,542356.0749995322,anb-regio
Chinese wolhandkrab,"Eriocheir sinensis H. Milne Edwards, 1854",Es,Demerland & Zuiderkempen,499995.0001418728,anb-regio
Chinese wolhandkrab,"Eriocheir sinensis H. Milne Edwards, 1854",Es,Groene Gordels,485628.1057107557,anb-regio
Chinese wolhandkrab,"Eriocheir sinensis H. Milne Edwards, 1854",Es,De Polders van Kruibeke,309688.98450842313,anb-domein
Chinese wolhandkrab,"Eriocheir sinensis H. Milne Edwards, 1854",Es,Merkembroek-Woumenbroek,171529.49659762433,anb-domein
Chinese wolhandkrab,"Eriocheir sinensis H. Milne Edwards, 1854",Es,Webbekoms en Diesters Broek,147536.65027899432,anb-domein
Chinese wolhandkrab,"Eriocheir sinensis H. Milne Edwards, 1854",Es,Polders van Kruibeke,292694.6585556633,NBHP
Chinese wolhandkrab,"Eriocheir sinensis H. Milne Edwards, 1854",Es,Onbevaarbare waterlopen 1e categorie,283762.0723228975,NBHP
Chinese wolhandkrab,"Eriocheir sinensis H. Milne Edwards, 1854",Es,Laakvalleien,221658.9486398691,NBHP
invasieve duizendknopen,"Reynoutria japonica Houtt.,Reynoutria sachalinensis (F.Schmidt) Nakai,Reynoutria ×bohemica Chrtek & Chrtková",Rj,Schelde- en Durme-estuarium van de Nederlandse grens tot Gent,5457986.534814253,HBTRL
invasieve duizendknopen,"Reynoutria japonica Houtt.,Reynoutria sachalinensis (F.Schmidt) Nakai,Reynoutria ×bohemica Chrtek & Chrtková",Rj,"Valleigebied van de Kleine Nete met brongebieden, moerassen en heiden",1826636.354198801,HBTRL
invasieve duizendknopen,"Reynoutria japonica Houtt.,Reynoutria sachalinensis (F.Schmidt) Nakai,Reynoutria ×bohemica Chrtek & Chrtková",Rj,"Bovenloop van de Grote Nete met Zammelsbroek, Langdonken en Goor",1705509.7816844422,HBTRL
invasieve duizendknopen,"Reynoutria japonica Houtt.,Reynoutria sachalinensis (F.Schmidt) Nakai,Reynoutria ×bohemica Chrtek & Chrtková",Rj,De Demervallei,3009676.6478721574,VGLRL
invasieve duizendknopen,"Reynoutria japonica Houtt.,Reynoutria sachalinensis (F.Schmidt) Nakai,Reynoutria ×bohemica Chrtek & Chrtková",Rj,Durme en de middenloop van de Schelde,2900375.076462345,VGLRL
invasieve duizendknopen,"Reynoutria japonica Houtt.,Reynoutria sachalinensis (F.Schmidt) Nakai,Reynoutria ×bohemica Chrtek & Chrtková",Rj,"Hamonterheide, Hageven, Buitenheide, Stamprooierbroek en Mariahof",1600794.7568758742,VGLRL
invasieve duizendknopen,"Reynoutria japonica Houtt.,Reynoutria sachalinensis (F.Schmidt) Nakai,Reynoutria ×bohemica Chrtek & Chrtková",Rj,Antwerpse Kempen,4346269.42674431,anb-regio
invasieve duizendknopen,"Reynoutria japonica Houtt.,Reynoutria sachalinensis (F.Schmidt) Nakai,Reynoutria ×bohemica Chrtek & Chrtková",Rj,Groene Gordels,3724501.1107175606,anb-regio
invasieve duizendknopen,"Reynoutria japonica Houtt.,Reynoutria sachalinensis (F.Schmidt) Nakai,Reynoutria ×bohemica Chrtek & Chrtková",Rj,Demerland & Zuiderkempen,2719743.0095791137,anb-regio
invasieve duizendknopen,"Reynoutria japonica Houtt.,Reynoutria sachalinensis (F.Schmidt) Nakai,Reynoutria ×bohemica Chrtek & Chrtková",Rj,MD Kamp Beverlo,682830.4662818633,anb-domein
invasieve duizendknopen,"Reynoutria japonica Houtt.,Reynoutria sachalinensis (F.Schmidt) Nakai,Reynoutria ×bohemica Chrtek & Chrtková",Rj,Demerbroeken,481850.3592750042,anb-domein
invasieve duizendknopen,"Reynoutria japonica Houtt.,Reynoutria sachalinensis (F.Schmidt) Nakai,Reynoutria ×bohemica Chrtek & Chrtková",Rj,Dorent,452454.38398014737,anb-domein
invasieve duizendknopen,"Reynoutria japonica Houtt.,Reynoutria sachalinensis (F.Schmidt) Nakai,Reynoutria ×bohemica Chrtek & Chrtková",Rj,Onbevaarbare waterlopen 1e categorie,2161535.44648231,NBHP
invasieve duizendknopen,"Reynoutria japonica Houtt.,Reynoutria sachalinensis (F.Schmidt) Nakai,Reynoutria ×bohemica Chrtek & Chrtková",Rj,Dal van de Grensmaas,882833.0428824413,NBHP
invasieve duizendknopen,"Reynoutria japonica Houtt.,Reynoutria sachalinensis (F.Schmidt) Nakai,Reynoutria ×bohemica Chrtek & Chrtková",Rj,"Dijle-, Laan- en Ijsevallei",856377.7979295917,NBHP
Siberische grondeekhoorn,"Tamias sibiricus Laxmann, 1769",Tsi,Zoniënwoud,1370086.9274894476,HBTRL
Siberische grondeekhoorn,"Tamias sibiricus Laxmann, 1769",Tsi,Duingebieden inclusief IJzermonding en Zwin,372395.1633251234,HBTRL
Siberische grondeekhoorn,"Tamias sibiricus Laxmann, 1769",Tsi,Westkust,267970.97653348465,VGLRL
Siberische grondeekhoorn,"Tamias sibiricus Laxmann, 1769",Tsi,Brabantse Wouden,1620667.3435656857,anb-regio
Siberische grondeekhoorn,"Tamias sibiricus Laxmann, 1769",Tsi,Kust & Westhoek,341438.4069323334,anb-regio
Siberische grondeekhoorn,"Tamias sibiricus Laxmann, 1769",Tsi,Demerland & Zuiderkempen,94085.999118292,anb-regio
Siberische grondeekhoorn,"Tamias sibiricus Laxmann, 1769",Tsi,Zonienwoud,1590834.4483675421,anb-domein
Siberische grondeekhoorn,"Tamias sibiricus Laxmann, 1769",Tsi,Calmeynbos,175068.1078489829,anb-domein
Siberische grondeekhoorn,"Tamias sibiricus Laxmann, 1769",Tsi,De Oosthoekduinen,135981.46086654463,anb-domein
Siberische grondeekhoorn,"Tamias sibiricus Laxmann, 1769",Tsi,Zoniënwoud,1621076.963452029,NBHP
Siberische grondeekhoorn,"Tamias sibiricus Laxmann, 1769",Tsi,Duinen en Bossen van De Panne,181116.19538772517,NBHP
Siberische grondeekhoorn,"Tamias sibiricus Laxmann, 1769",Tsi,Waterwingebied De Westhoek,175139.19433999524,NBHP
boksdoorn,Lycium barbarum L.,Lb,Duingebieden inclusief IJzermonding en Zwin,4017573.639063037,HBTRL
boksdoorn,Lycium barbarum L.,Lb,Schelde- en Durme-estuarium van de Nederlandse grens tot Gent,3905.187631475608,HBTRL
boksdoorn,Lycium barbarum L.,Lb,Polders,1892.8468781911288,HBTRL
boksdoorn,Lycium barbarum L.,Lb,Westkust,493252.39356296026,VGLRL
boksdoorn,Lycium barbarum L.,Lb,Het Zwin,160689.67402142906,VGLRL
boksdoorn,Lycium barbarum L.,Lb,Poldercomplex,121776.73037437498,VGLRL
boksdoorn,Lycium barbarum L.,Lb,Kust & Westhoek,1529756.158672176,anb-regio
boksdoorn,Lycium barbarum L.,Lb,Vlaamse Ardennen & Schelde-Leie,63001.625167385006,anb-regio
boksdoorn,Lycium barbarum L.,Lb,Brabantse Wouden,11634.743533232238,anb-regio
boksdoorn,Lycium barbarum L.,Lb,Sint-Laureinsduinen,272790.2745340055,anb-domein
boksdoorn,Lycium barbarum L.,Lb,Raversijde,186295.62611091835,anb-domein
boksdoorn,Lycium barbarum L.,Lb,IJzermonding,114833.44131456043,anb-domein
boksdoorn,Lycium barbarum L.,Lb,Duinbossen van De Haan,749971.1590525183,NBHP
boksdoorn,Lycium barbarum L.,Lb,LIFE+ flandre,403878.62999733933,NBHP
boksdoorn,Lycium barbarum L.,Lb,Middelkerke-Raversijde,381471.69522718963,NBHP
muskusrat,"Ondatra zibethicus Linnaeus, 1766",Oz,Bossen van de Vlaamse Ardennen en andere Zuidvlaamse bossen,3521838.0879450026,HBTRL
muskusrat,"Ondatra zibethicus Linnaeus, 1766",Oz,"Valleien van de Dijle, Laan en IJse met aangrenzende bos- en moerasgebieden",3305251.231754353,HBTRL
muskusrat,"Ondatra zibethicus Linnaeus, 1766",Oz,Polders,3088301.6570636956,HBTRL
muskusrat,"Ondatra zibethicus Linnaeus, 1766",Oz,IJzervallei,7484803.452493262,VGLRL
muskusrat,"Ondatra zibethicus Linnaeus, 1766",Oz,Poldercomplex,5233624.867707427,VGLRL
muskusrat,"Ondatra zibethicus Linnaeus, 1766",Oz,Krekengebied,4238181.719267417,VGLRL
muskusrat,"Ondatra zibethicus Linnaeus, 1766",Oz,Kust & Westhoek,4869720.546507032,anb-regio
muskusrat,"Ondatra zibethicus Linnaeus, 1766",Oz,Vlaamse Ardennen & Schelde-Leie,2414184.3270481844,anb-regio
muskusrat,"Ondatra zibethicus Linnaeus, 1766",Oz,Brabantse Wouden,2080409.2551791081,anb-regio
muskusrat,"Ondatra zibethicus Linnaeus, 1766",Oz,Dijlevallei,1597662.6907685993,anb-domein
muskusrat,"Ondatra zibethicus Linnaeus, 1766",Oz,Merkembroek-Woumenbroek,756403.9738219384,anb-domein
muskusrat,"Ondatra zibethicus Linnaeus, 1766",Oz,IJzerbroeken stroomopwaarts Elzendamme,725658.450440018,anb-domein
muskusrat,"Ondatra zibethicus Linnaeus, 1766",Oz,IJzer- en Handzamevallei,2548425.55377591,NBHP
muskusrat,"Ondatra zibethicus Linnaeus, 1766",Oz,Onbevaarbare waterlopen 1e categorie,2061516.6994144423,NBHP
muskusrat,"Ondatra zibethicus Linnaeus, 1766",Oz,"Dijle-, Laan- en Ijsevallei",1966563.4285084938,NBHP
lettersierschildpad,"Trachemys scripta Schoepff, 1792",Tsc,Schelde- en Durme-estuarium van de Nederlandse grens tot Gent,1414425.2297585257,HBTRL
lettersierschildpad,"Trachemys scripta Schoepff, 1792",Tsc,Historische fortengordels van Antwerpen als vleermuizenhabitats,663649.0680693573,HBTRL
lettersierschildpad,"Trachemys scripta Schoepff, 1792",Tsc,Demervallei,614066.1309532755,HBTRL
lettersierschildpad,"Trachemys scripta Schoepff, 1792",Tsc,De Demervallei,1068873.653224836,VGLRL
lettersierschildpad,"Trachemys scripta Schoepff, 1792",Tsc,Durme en de middenloop van de Schelde,743828.5604791958,VGLRL
lettersierschildpad,"Trachemys scripta Schoepff, 1792",Tsc,"Hamonterheide, Hageven, Buitenheide, Stamprooierbroek en Mariahof",355089.0888124745,VGLRL
lettersierschildpad,"Trachemys scripta Schoepff, 1792",Tsc,Groene Gordels,1306931.9893629742,anb-regio
lettersierschildpad,"Trachemys scripta Schoepff, 1792",Tsc,Vlaamse Ardennen & Schelde-Leie,1154199.2375956676,anb-regio
lettersierschildpad,"Trachemys scripta Schoepff, 1792",Tsc,Antwerpse Kempen,1139745.9551921436,anb-regio
lettersierschildpad,"Trachemys scripta Schoepff, 1792",Tsc,Zonienwoud,346964.0032383387,anb-domein
lettersierschildpad,"Trachemys scripta Schoepff, 1792",Tsc,Dijlevallei,184718.1095093831,anb-domein
lettersierschildpad,"Trachemys scripta Schoepff, 1792",Tsc,Vijvercomplex,169615.46157759003,anb-domein
lettersierschildpad,"Trachemys scripta Schoepff, 1792",Tsc,Onbevaarbare waterlopen 1e categorie,598315.1701606258,NBHP
lettersierschildpad,"Trachemys scripta Schoepff, 1792",Tsc,Zoniënwoud,413129.08304354205,NBHP
lettersierschildpad,"Trachemys scripta Schoepff, 1792",Tsc,Provinciaal domein Kessel-Lo,334822.0687944395,NBHP
smalle olijfwilg,Elaeagnus angustifolia L.,Ea,Duingebieden inclusief IJzermonding en Zwin,1410725.5865566093,HBTRL
smalle olijfwilg,Elaeagnus angustifolia L.,Ea,Schelde- en Durme-estuarium van de Nederlandse grens tot Gent,504552.9107270283,HBTRL
smalle olijfwilg,Elaeagnus angustifolia L.,Ea,Historische fortengordels van Antwerpen als vleermuizenhabitats,62314.59886588453,HBTRL
smalle olijfwilg,Elaeagnus angustifolia L.,Ea,Schorren en polders van de Beneden-Schelde,1614128.0102139749,VGLRL
smalle olijfwilg,Elaeagnus angustifolia L.,Ea,Poldercomplex,128301.07405666352,VGLRL
smalle olijfwilg,Elaeagnus angustifolia L.,Ea,Het Zwin,65369.41838709082,VGLRL
smalle olijfwilg,Elaeagnus angustifolia L.,Ea,Antwerpse Kempen,645168.2533299135,anb-regio
smalle olijfwilg,Elaeagnus angustifolia L.,Ea,Kust & Westhoek,481003.6193025196,anb-regio
smalle olijfwilg,Elaeagnus angustifolia L.,Ea,Groene Gordels,31184.039155781426,anb-regio
smalle olijfwilg,Elaeagnus angustifolia L.,Ea,Linkerscheldeoever - Gedempt deel Doeldok,155610.01161915803,anb-domein
smalle olijfwilg,Elaeagnus angustifolia L.,Ea,Duinbos-Wenduine,112610.15841328187,anb-domein
smalle olijfwilg,Elaeagnus angustifolia L.,Ea,Linkerscheldeoever - Ketenisschor,81293.44954053857,anb-domein
smalle olijfwilg,Elaeagnus angustifolia L.,Ea,Duinbossen van De Haan,339227.0440082881,NBHP
smalle olijfwilg,Elaeagnus angustifolia L.,Ea,Koninklijke Golfclub Oostende,116831.92730501131,NBHP
smalle olijfwilg,Elaeagnus angustifolia L.,Ea,Raversyde,89133.15714336126,NBHP
watercrassula,Crassula helmsii (Kirk) Cockayne,Ch,"Het Blak, Kievitsheide, Ekstergoor en nabijgelegen Kamsalamanderhabitats",1447988.4933326428,HBTRL
watercrassula,Crassula helmsii (Kirk) Cockayne,Ch,"Vennen, heiden en moerassen rond Turnhout",1119470.0071841066,HBTRL
watercrassula,Crassula helmsii (Kirk) Cockayne,Ch,"Itterbeek met Brand, Jagersborg en Schootsheide en Bergerven",766834.7231132239,HBTRL
watercrassula,Crassula helmsii (Kirk) Cockayne,Ch,Schorren en polders van de Beneden-Schelde,3693854.8653872698,VGLRL
watercrassula,Crassula helmsii (Kirk) Cockayne,Ch,"Arendonk, Merksplas, Oud-Turnhout, Ravels en Turnhout",992024.5334845283,VGLRL
watercrassula,Crassula helmsii (Kirk) Cockayne,Ch,"Hamonterheide, Hageven, Buitenheide, Stamprooierbroek en Mariahof",974632.5037573383,VGLRL
watercrassula,Crassula helmsii (Kirk) Cockayne,Ch,Antwerpse Kempen,4177656.9099822068,anb-regio
watercrassula,Crassula helmsii (Kirk) Cockayne,Ch,Taxandria,2661425.7574865874,anb-regio
watercrassula,Crassula helmsii (Kirk) Cockayne,Ch,Zandig Vlaanderen,1155570.1489778664,anb-regio
watercrassula,Crassula helmsii (Kirk) Cockayne,Ch,Linkerscheldeoever - Doelpolder Noord,659795.8148769112,anb-domein
watercrassula,Crassula helmsii (Kirk) Cockayne,Ch,Linkerscheldeoever - Haasop,501242.17880156,anb-domein
watercrassula,Crassula helmsii (Kirk) Cockayne,Ch,Wortel Kolonie,431921.95833594917,anb-domein
watercrassula,Crassula helmsii (Kirk) Cockayne,Ch,Eksterheide en omgeving,743700.6791494061,NBHP
watercrassula,Crassula helmsii (Kirk) Cockayne,Ch,Turnhouts Vennengebied,550506.4479162704,NBHP
watercrassula,Crassula helmsii (Kirk) Cockayne,Ch,GGS-Drijdijck en Spaans Fort,442456.4312303603,NBHP
Amerikaanse nerts,"Mustela vison Schreber, 1777",Mvis,Polders,47112.668442378985,HBTRL
Amerikaanse nerts,"Mustela vison Schreber, 1777",Mvis,Bossen en heiden van zandig Vlaanderen: oostelijk deel,46433.46217490273,HBTRL
Amerikaanse nerts,"Mustela vison Schreber, 1777",Mvis,"Bossen, heiden en valleigebieden van zandig Vlaanderen: westelijk deel",31401.573745771253,HBTRL
Amerikaanse nerts,"Mustela vison Schreber, 1777",Mvis,Poldercomplex,94204.72123729877,VGLRL
Amerikaanse nerts,"Mustela vison Schreber, 1777",Mvis,Durme en de middenloop van de Schelde,33213.6846482583,VGLRL
Amerikaanse nerts,"Mustela vison Schreber, 1777",Mvis,Kustbroedvogels te Zeebrugge-Heist,15257.634068755113,VGLRL
Amerikaanse nerts,"Mustela vison Schreber, 1777",Mvis,Zandig Vlaanderen,50597.86830044605,anb-regio
Amerikaanse nerts,"Mustela vison Schreber, 1777",Mvis,Kust & Westhoek,20816.662069775542,anb-regio
Amerikaanse nerts,"Mustela vison Schreber, 1777",Mvis,Antwerpse Kempen,11361.507285313492,anb-regio
Amerikaanse nerts,"Mustela vison Schreber, 1777",Mvis,Het Leen,31401.573745770846,anb-domein
Amerikaanse nerts,"Mustela vison Schreber, 1777",Mvis,Wullebos,17877.82320902872,anb-domein
Amerikaanse nerts,"Mustela vison Schreber, 1777",Mvis,Sterneneiland,17134.911991073895,anb-domein
Amerikaanse nerts,"Mustela vison Schreber, 1777",Mvis,Groot Molsbroek,65828.6078717324,NBHP
Amerikaanse nerts,"Mustela vison Schreber, 1777",Mvis,Uitkerkse Polder,49640.232821448575,NBHP
Amerikaanse nerts,"Mustela vison Schreber, 1777",Mvis,Het Leen,30308.896711025853,NBHP
Canadese guldenroede,Solidago canadensis L.,Sc,Demervallei,1057011.9763142383,HBTRL
Canadese guldenroede,Solidago canadensis L.,Sc,"Valleien van de Dijle, Laan en IJse met aangrenzende bos- en moerasgebieden",756103.1973441874,HBTRL
Canadese guldenroede,Solidago canadensis L.,Sc,"Valleigebied tussen Melsbroek, Kampenhout, Kortenberg en Veltem",563501.4063372154,HBTRL
Canadese guldenroede,Solidago canadensis L.,Sc,De Dijlevallei,501875.72828847845,VGLRL
Canadese guldenroede,Solidago canadensis L.,Sc,De Demervallei,350953.636019456,VGLRL
Canadese guldenroede,Solidago canadensis L.,Sc,"Hamonterheide, Hageven, Buitenheide, Stamprooierbroek en Mariahof",313535.9106366943,VGLRL
Canadese guldenroede,Solidago canadensis L.,Sc,Brabantse Wouden,532473.9470299662,anb-regio
Canadese guldenroede,Solidago canadensis L.,Sc,Demerland & Zuiderkempen,470553.17575890647,anb-regio
Canadese guldenroede,Solidago canadensis L.,Sc,Lage tot aan Hoge Kempen,291718.51389008807,anb-regio
Canadese guldenroede,Solidago canadensis L.,Sc,Meerdaalwoud,150987.03104429657,anb-domein
Canadese guldenroede,Solidago canadensis L.,Sc,Vallei van de Drie Beken,132246.60772946978,anb-domein
Canadese guldenroede,Solidago canadensis L.,Sc,Silsombos,108185.20792677384,anb-domein
Canadese guldenroede,Solidago canadensis L.,Sc,Doode Bemde,316073.3357064155,NBHP
Canadese guldenroede,Solidago canadensis L.,Sc,Haachtse Leibeekvallei,280947.53163940035,NBHP
Canadese guldenroede,Solidago canadensis L.,Sc,Averbode Bos en Heide,260199.40084368264,NBHP
reuzenbalsemien,Impatiens glandulifera Royle,Ig,Schelde- en Durme-estuarium van de Nederlandse grens tot Gent,10221854.947943382,HBTRL
reuzenbalsemien,Impatiens glandulifera Royle,Ig,"Valleien van de Dijle, Laan en IJse met aangrenzende bos- en moerasgebieden",4436040.998283068,HBTRL
reuzenbalsemien,Impatiens glandulifera Royle,Ig,Bos- en heidegebieden ten oosten van Antwerpen,3920840.272311736,HBTRL
reuzenbalsemien,Impatiens glandulifera Royle,Ig,Durme en de middenloop van de Schelde,7175747.487994415,VGLRL
reuzenbalsemien,Impatiens glandulifera Royle,Ig,De Demervallei,4119942.6758221425,VGLRL
reuzenbalsemien,Impatiens glandulifera Royle,Ig,De Dijlevallei,3389782.754374847,VGLRL
reuzenbalsemien,Impatiens glandulifera Royle,Ig,Groene Gordels,4737955.123000359,anb-regio
reuzenbalsemien,Impatiens glandulifera Royle,Ig,Brabantse Wouden,3504294.727598295,anb-regio
reuzenbalsemien,Impatiens glandulifera Royle,Ig,Antwerpse Kempen,3294092.4300533915,anb-regio
reuzenbalsemien,Impatiens glandulifera Royle,Ig,Dijlevallei,1332386.109815259,anb-domein
reuzenbalsemien,Impatiens glandulifera Royle,Ig,Demerbroeken,1124799.9089653913,anb-domein
reuzenbalsemien,Impatiens glandulifera Royle,Ig,Zoerselbos,797803.1019237717,anb-domein
reuzenbalsemien,Impatiens glandulifera Royle,Ig,Onbevaarbare waterlopen 1e categorie,2423204.624367465,NBHP
reuzenbalsemien,Impatiens glandulifera Royle,Ig,"Dijle-, Laan- en Ijsevallei",2165711.446459781,NBHP
reuzenbalsemien,Impatiens glandulifera Royle,Ig,Zoerselbos,972591.1715267379,NBHP
Chinese prachtslang,"Elaphe taeniura (Cope, 1861)",Et,Bosbeekvallei en aangrenzende bos- en heidegebieden te As-Opglabbeek-Maaseik,11660.430345110304,HBTRL
Chinese prachtslang,"Elaphe taeniura (Cope, 1861)",Et,Tommelen,15075.192860322499,NBHP
Chinese prachtslang,"Elaphe taeniura (Cope, 1861)",Et,Onbevaarbare waterlopen 1e categorie,5379.447989213937,NBHP
Chinese prachtslang,"Elaphe taeniura (Cope, 1861)",Et,Vallei van de Bosbeek,3544.789487814022,NBHP
gevlekte Amerikaanse rivierkreeft,"Faxonius limosus Rafinesque, 1817",Fl,"Bovenloop van de Grote Nete met Zammelsbroek, Langdonken en Goor",293340.6956883038,HBTRL
gevlekte Amerikaanse rivierkreeft,"Faxonius limosus Rafinesque, 1817",Fl,"Valleigebied van de Kleine Nete met brongebieden, moerassen en heiden",281860.8030145961,HBTRL
gevlekte Amerikaanse rivierkreeft,"Faxonius limosus Rafinesque, 1817",Fl,"Vennen, heiden en moerassen rond Turnhout",205244.88307326613,HBTRL
gevlekte Amerikaanse rivierkreeft,"Faxonius limosus Rafinesque, 1817",Fl,De Ronde Put,224214.2047673072,VGLRL
gevlekte Amerikaanse rivierkreeft,"Faxonius limosus Rafinesque, 1817",Fl,Het Vijvercomplex van Midden-Limburg,206813.11505482454,VGLRL
gevlekte Amerikaanse rivierkreeft,"Faxonius limosus Rafinesque, 1817",Fl,De Demervallei,188409.44247458974,VGLRL
gevlekte Amerikaanse rivierkreeft,"Faxonius limosus Rafinesque, 1817",Fl,Taxandria,431412.6864244883,anb-regio
gevlekte Amerikaanse rivierkreeft,"Faxonius limosus Rafinesque, 1817",Fl,Groene Gordels,199079.86289531898,anb-regio
gevlekte Amerikaanse rivierkreeft,"Faxonius limosus Rafinesque, 1817",Fl,Demerland & Zuiderkempen,169581.83986080947,anb-regio
gevlekte Amerikaanse rivierkreeft,"Faxonius limosus Rafinesque, 1817",Fl,Vijvercomplex,130337.29196640349,anb-domein
gevlekte Amerikaanse rivierkreeft,"Faxonius limosus Rafinesque, 1817",Fl,De Gavers,125529.51831480143,anb-domein
gevlekte Amerikaanse rivierkreeft,"Faxonius limosus Rafinesque, 1817",Fl,Goorken,68374.69447739335,anb-domein
gevlekte Amerikaanse rivierkreeft,"Faxonius limosus Rafinesque, 1817",Fl,Vijvercomplex Midden-Limburg,131672.05530662014,NBHP
gevlekte Amerikaanse rivierkreeft,"Faxonius limosus Rafinesque, 1817",Fl,Laakvalleien,123849.90502542113,NBHP
gevlekte Amerikaanse rivierkreeft,"Faxonius limosus Rafinesque, 1817",Fl,De Maat,120766.63066571565,NBHP
blauwbandgrondel,"Pseudorasbora parva Temminck & Schlegel, 1846",Pp,"Bovenloop van de Grote Nete met Zammelsbroek, Langdonken en Goor",682713.7254279075,HBTRL
blauwbandgrondel,"Pseudorasbora parva Temminck & Schlegel, 1846",Pp,Schelde- en Durme-estuarium van de Nederlandse grens tot Gent,249904.51893674576,HBTRL
blauwbandgrondel,"Pseudorasbora parva Temminck & Schlegel, 1846",Pp,"Valleien van de Laambeek, Zonderikbeek, Slangebeek en Roosterbeek met vijvergebieden en heiden",184203.72706633378,HBTRL
blauwbandgrondel,"Pseudorasbora parva Temminck & Schlegel, 1846",Pp,De Demervallei,403296.41919827036,VGLRL
blauwbandgrondel,"Pseudorasbora parva Temminck & Schlegel, 1846",Pp,Poldercomplex,125606.29498308228,VGLRL
blauwbandgrondel,"Pseudorasbora parva Temminck & Schlegel, 1846",Pp,De Dijlevallei,125606.29498306266,VGLRL
blauwbandgrondel,"Pseudorasbora parva Temminck & Schlegel, 1846",Pp,Demerland & Zuiderkempen,342748.2014075917,anb-regio
blauwbandgrondel,"Pseudorasbora parva Temminck & Schlegel, 1846",Pp,Groene Gordels,258265.99544656108,anb-regio
blauwbandgrondel,"Pseudorasbora parva Temminck & Schlegel, 1846",Pp,Antwerpse Kempen,159806.52259203081,anb-regio
blauwbandgrondel,"Pseudorasbora parva Temminck & Schlegel, 1846",Pp,Vijvercomplex,77902.66145783433,anb-domein
blauwbandgrondel,"Pseudorasbora parva Temminck & Schlegel, 1846",Pp,Dorent,67437.57307135819,anb-domein
blauwbandgrondel,"Pseudorasbora parva Temminck & Schlegel, 1846",Pp,Hertberg West,59132.626396140746,anb-domein
blauwbandgrondel,"Pseudorasbora parva Temminck & Schlegel, 1846",Pp,Laakvalleien,115689.12337384363,NBHP
blauwbandgrondel,"Pseudorasbora parva Temminck & Schlegel, 1846",Pp,Onbevaarbare waterlopen 1e categorie,100626.9239456898,NBHP
blauwbandgrondel,"Pseudorasbora parva Temminck & Schlegel, 1846",Pp,Provinciaal domein Kessel-Lo,92639.01511362087,NBHP
struikaster,Baccharis halimifolia L.,Bh,Duingebieden inclusief IJzermonding en Zwin,1525502.5841118076,HBTRL
struikaster,Baccharis halimifolia L.,Bh,Polders,87109.16079933612,HBTRL
struikaster,Baccharis halimifolia L.,Bh,"Valleigebied van de Kleine Nete met brongebieden, moerassen en heiden",49622.05101765257,HBTRL
struikaster,Baccharis halimifolia L.,Bh,Westkust,376138.0562595594,VGLRL
struikaster,Baccharis halimifolia L.,Bh,Poldercomplex,125606.29498305195,VGLRL
struikaster,Baccharis halimifolia L.,Bh,Het Zwin,123832.95103474325,VGLRL
struikaster,Baccharis halimifolia L.,Bh,Kust & Westhoek,919929.2276413718,anb-regio
struikaster,Baccharis halimifolia L.,Bh,Zandig Vlaanderen,70735.85392302455,anb-regio
struikaster,Baccharis halimifolia L.,Bh,Vlaamse Ardennen & Schelde-Leie,20890.5575746405,anb-regio
struikaster,Baccharis halimifolia L.,Bh,De Westhoek,139065.2123719609,anb-domein
struikaster,Baccharis halimifolia L.,Bh,Ter Yde,131531.6972112934,anb-domein
struikaster,Baccharis halimifolia L.,Bh,Het Zwin,92431.37728897753,anb-domein
struikaster,Baccharis halimifolia L.,Bh,Koninklijke Golfclub Oostende,192123.7185700278,NBHP
struikaster,Baccharis halimifolia L.,Bh,Duinen en Bossen van De Panne,139060.5485727641,NBHP
struikaster,Baccharis halimifolia L.,Bh,LIFE+ flandre,106166.98108739866,NBHP
zwartbekgrondel,"Neogobius melanostomus (Pallas, 1814)",Nm,Schelde- en Durme-estuarium van de Nederlandse grens tot Gent,244865.05596296382,HBTRL
zwartbekgrondel,"Neogobius melanostomus (Pallas, 1814)",Nm,"Valleigebied van de Kleine Nete met brongebieden, moerassen en heiden",131611.0269750628,HBTRL
zwartbekgrondel,"Neogobius melanostomus (Pallas, 1814)",Nm,Uiterwaarden langs de Limburgse Maas en Vijverbroek,62205.04687663976,HBTRL
zwartbekgrondel,"Neogobius melanostomus (Pallas, 1814)",Nm,Schorren en polders van de Beneden-Schelde,152462.193181991,VGLRL
zwartbekgrondel,"Neogobius melanostomus (Pallas, 1814)",Nm,De Ronde Put,66045.6585412719,VGLRL
zwartbekgrondel,"Neogobius melanostomus (Pallas, 1814)",Nm,Durme en de middenloop van de Schelde,42349.01921926634,VGLRL
zwartbekgrondel,"Neogobius melanostomus (Pallas, 1814)",Nm,Taxandria,66630.49338299225,anb-regio
zwartbekgrondel,"Neogobius melanostomus (Pallas, 1814)",Nm,Lage tot aan Hoge Kempen,62613.08128296377,anb-regio
zwartbekgrondel,"Neogobius melanostomus (Pallas, 1814)",Nm,Groene Gordels,56226.23456960467,anb-regio
zwartbekgrondel,"Neogobius melanostomus (Pallas, 1814)",Nm,Gemeentelijke visvijver,48845.08613049964,anb-domein
zwartbekgrondel,"Neogobius melanostomus (Pallas, 1814)",Nm,Op  t Stort,47978.11987215128,anb-domein
zwartbekgrondel,"Neogobius melanostomus (Pallas, 1814)",Nm,Linkerscheldeoever - Ketenisschor,35997.083006655506,anb-domein
zwartbekgrondel,"Neogobius melanostomus (Pallas, 1814)",Nm,De Maat,58073.60252845532,NBHP
zwartbekgrondel,"Neogobius melanostomus (Pallas, 1814)",Nm,Dal van de Grensmaas,49893.18608488838,NBHP
zwartbekgrondel,"Neogobius melanostomus (Pallas, 1814)",Nm,Onbevaarbare waterlopen 1e categorie,34529.66825690394,NBHP
Amerikaanse stierkikker,"Lithobates (Rana) catesbeianus Shaw, 1802",Lc,"Bovenloop van de Grote Nete met Zammelsbroek, Langdonken en Goor",3242078.1486465097,HBTRL
Amerikaanse stierkikker,"Lithobates (Rana) catesbeianus Shaw, 1802",Lc,"Valleien van de Dijle, Laan en IJse met aangrenzende bos- en moerasgebieden",161434.08838226835,HBTRL
Amerikaanse stierkikker,"Lithobates (Rana) catesbeianus Shaw, 1802",Lc,"Vennen, heiden en moerassen rond Turnhout",145513.07621382782,HBTRL
Amerikaanse stierkikker,"Lithobates (Rana) catesbeianus Shaw, 1802",Lc,De Demervallei,190177.7245828316,VGLRL
Amerikaanse stierkikker,"Lithobates (Rana) catesbeianus Shaw, 1802",Lc,De Dijlevallei,162999.53926063428,VGLRL
Amerikaanse stierkikker,"Lithobates (Rana) catesbeianus Shaw, 1802",Lc,Schorren en polders van de Beneden-Schelde,62803.14749153191,VGLRL
Amerikaanse stierkikker,"Lithobates (Rana) catesbeianus Shaw, 1802",Lc,Taxandria,533013.6567574771,anb-regio
Amerikaanse stierkikker,"Lithobates (Rana) catesbeianus Shaw, 1802",Lc,Demerland & Zuiderkempen,191526.50870819675,anb-regio
Amerikaanse stierkikker,"Lithobates (Rana) catesbeianus Shaw, 1802",Lc,Brabantse Wouden,156613.8624326592,anb-regio
Amerikaanse stierkikker,"Lithobates (Rana) catesbeianus Shaw, 1802",Lc,Zammelsbroek,252962.98959170148,anb-domein
Amerikaanse stierkikker,"Lithobates (Rana) catesbeianus Shaw, 1802",Lc,Dijlevallei,156613.8624326592,anb-domein
Amerikaanse stierkikker,"Lithobates (Rana) catesbeianus Shaw, 1802",Lc,Scheps,83245.50895186407,anb-domein
Amerikaanse stierkikker,"Lithobates (Rana) catesbeianus Shaw, 1802",Lc,Laakvalleien,525254.1302718554,NBHP
Amerikaanse stierkikker,"Lithobates (Rana) catesbeianus Shaw, 1802",Lc,Griesbroek,252393.8246443832,NBHP
Amerikaanse stierkikker,"Lithobates (Rana) catesbeianus Shaw, 1802",Lc,Bels Broek en Heide,160812.5427727093,NBHP
beverrat,"Myocastor coypus Molina, 1782",Mc,Uiterwaarden langs de Limburgse Maas en Vijverbroek,653367.6708068381,HBTRL
beverrat,"Myocastor coypus Molina, 1782",Mc,Abeek met aangrenzende moerasgebieden,521473.4350653906,HBTRL
beverrat,"Myocastor coypus Molina, 1782",Mc,Jekervallei en bovenloop van de Demervallei,124015.05070113693,HBTRL
beverrat,"Myocastor coypus Molina, 1782",Mc,"Hamonterheide, Hageven, Buitenheide, Stamprooierbroek en Mariahof",587789.5957315651,VGLRL
beverrat,"Myocastor coypus Molina, 1782",Mc,De Demervallei,94204.72123729484,VGLRL
beverrat,"Myocastor coypus Molina, 1782",Mc,"Arendonk, Merksplas, Oud-Turnhout, Ravels en Turnhout",62803.14749153686,VGLRL
beverrat,"Myocastor coypus Molina, 1782",Mc,Demerland & Zuiderkempen,88953.4958767283,anb-regio
beverrat,"Myocastor coypus Molina, 1782",Mc,Hoge Kempen tot Voeren,82872.28667755143,anb-regio
beverrat,"Myocastor coypus Molina, 1782",Mc,Brabantse Wouden,55670.07923392491,anb-regio
beverrat,"Myocastor coypus Molina, 1782",Mc,Vosheide-Bocholt,31401.573745775735,anb-domein
beverrat,"Myocastor coypus Molina, 1782",Mc,Dijlevallei,28759.78988456569,anb-domein
beverrat,"Myocastor coypus Molina, 1782",Mc,Webbekoms en Diesters Broek,28415.70809718064,anb-domein
beverrat,"Myocastor coypus Molina, 1782",Mc,Dal van de Grensmaas,491856.5049028718,NBHP
beverrat,"Myocastor coypus Molina, 1782",Mc,Sint-Maartensheide - De Luysen,403689.76085865527,NBHP
beverrat,"Myocastor coypus Molina, 1782",Mc,Maasweerden,324139.83024534263,NBHP
moerashyacint,Pontederia cordata L.,Pco,"Bovenloop van de Grote Nete met Zammelsbroek, Langdonken en Goor",401881.76072394184,HBTRL
moerashyacint,Pontederia cordata L.,Pco,"Valleien van de Laambeek, Zonderikbeek, Slangebeek en Roosterbeek met vijvergebieden en heiden",304924.3008970541,HBTRL
moerashyacint,Pontederia cordata L.,Pco,De Maten,193131.91512819787,HBTRL
moerashyacint,Pontederia cordata L.,Pco,Het Vijvercomplex van Midden-Limburg,239106.85168221628,VGLRL
moerashyacint,Pontederia cordata L.,Pco,De Maten,178728.36831270022,VGLRL
moerashyacint,Pontederia cordata L.,Pco,"Bocholt, Hechtel-Eksel, Meeuwen-Gruitrode, Neerpelt en Peer",170379.1702430051,VGLRL
moerashyacint,Pontederia cordata L.,Pco,Taxandria,179061.13734286145,anb-regio
moerashyacint,Pontederia cordata L.,Pco,Vlaamse Ardennen & Schelde-Leie,70349.17820760996,anb-regio
moerashyacint,Pontederia cordata L.,Pco,Demerland & Zuiderkempen,59154.90300741517,anb-regio
moerashyacint,Pontederia cordata L.,Pco,Zammelsbroek,57088.59800549928,anb-domein
moerashyacint,Pontederia cordata L.,Pco,Teut-Ten Haagdoorn,33528.84981670344,anb-domein
moerashyacint,Pontederia cordata L.,Pco,Vijvercomplex,33195.89537878151,anb-domein
moerashyacint,Pontederia cordata L.,Pco,De Maten,64471.754850608566,NBHP
moerashyacint,Pontederia cordata L.,Pco,Dommelvallei,56726.26402628825,NBHP
moerashyacint,Pontederia cordata L.,Pco,Callebeek - Terlocht,54820.78820181795,NBHP
vijfbladige wingerd,Parthenocissus quinquefolia (L.) Planch.,Pq,"Valleien van de Dijle, Laan en IJse met aangrenzende bos- en moerasgebieden",167840.5241769455,HBTRL
vijfbladige wingerd,Parthenocissus quinquefolia (L.) Planch.,Pq,Duingebieden inclusief IJzermonding en Zwin,90925.4615454636,HBTRL
vijfbladige wingerd,Parthenocissus quinquefolia (L.) Planch.,Pq,"Valleigebied van de Kleine Nete met brongebieden, moerassen en heiden",50235.80596935743,HBTRL
vijfbladige wingerd,Parthenocissus quinquefolia (L.) Planch.,Pq,"Hamonterheide, Hageven, Buitenheide, Stamprooierbroek en Mariahof",93990.97249960259,VGLRL
vijfbladige wingerd,Parthenocissus quinquefolia (L.) Planch.,Pq,"Bocholt, Hechtel-Eksel, Meeuwen-Gruitrode, Neerpelt en Peer",31401.573745775968,VGLRL
vijfbladige wingerd,Parthenocissus quinquefolia (L.) Planch.,Pq,Het Vijvercomplex van Midden-Limburg,31401.573745766596,VGLRL
vijfbladige wingerd,Parthenocissus quinquefolia (L.) Planch.,Pq,Brabantse Wouden,148428.02370623793,anb-regio
vijfbladige wingerd,Parthenocissus quinquefolia (L.) Planch.,Pq,Hoge Kempen tot Voeren,88801.40548798481,anb-regio
vijfbladige wingerd,Parthenocissus quinquefolia (L.) Planch.,Pq,Lage tot aan Hoge Kempen,83288.1441473977,anb-regio
vijfbladige wingerd,Parthenocissus quinquefolia (L.) Planch.,Pq,MD Meerdaalbos,116706.73654318991,anb-domein
vijfbladige wingerd,Parthenocissus quinquefolia (L.) Planch.,Pq,Hoge Mouw,38476.471898327,anb-domein
vijfbladige wingerd,Parthenocissus quinquefolia (L.) Planch.,Pq,Turfhei,38313.5404228697,anb-domein
vijfbladige wingerd,Parthenocissus quinquefolia (L.) Planch.,Pq,UBBP/AN/11/06 - Kasterlee,37970.49004998279,NBHP
vijfbladige wingerd,Parthenocissus quinquefolia (L.) Planch.,Pq,Duinen en Bossen van De Panne,31401.573745764,NBHP
vijfbladige wingerd,Parthenocissus quinquefolia (L.) Planch.,Pq,Fort van Walem,31401.57374576095,NBHP
valse wingerd,Parthenocissus inserta (A.Kern.) Fritsch,Pi,Duingebieden inclusief IJzermonding en Zwin,152166.63702175982,HBTRL
valse wingerd,Parthenocissus inserta (A.Kern.) Fritsch,Pi,Demervallei,125863.66067495712,HBTRL
valse wingerd,Parthenocissus inserta (A.Kern.) Fritsch,Pi,"Valleien van de Laambeek, Zonderikbeek, Slangebeek en Roosterbeek met vijvergebieden en heiden",106737.32578545314,HBTRL
valse wingerd,Parthenocissus inserta (A.Kern.) Fritsch,Pi,De Demervallei,111359.39388737014,VGLRL
valse wingerd,Parthenocissus inserta (A.Kern.) Fritsch,Pi,Het Vijvercomplex van Midden-Limburg,97316.77119904617,VGLRL
valse wingerd,Parthenocissus inserta (A.Kern.) Fritsch,Pi,Durme en de middenloop van de Schelde,89461.18975233962,VGLRL
valse wingerd,Parthenocissus inserta (A.Kern.) Fritsch,Pi,Kust & Westhoek,152381.37349122012,anb-regio
valse wingerd,Parthenocissus inserta (A.Kern.) Fritsch,Pi,Hoge Kempen tot Voeren,129945.40448555768,anb-regio
valse wingerd,Parthenocissus inserta (A.Kern.) Fritsch,Pi,Antwerpse Kempen,111685.22455193289,anb-regio
valse wingerd,Parthenocissus inserta (A.Kern.) Fritsch,Pi,De Keignaart (stad),47852.00727408153,anb-domein
valse wingerd,Parthenocissus inserta (A.Kern.) Fritsch,Pi,Opglabekerzavel,44195.80845264337,anb-domein
valse wingerd,Parthenocissus inserta (A.Kern.) Fritsch,Pi,Geenemeer,39992.535062207055,anb-domein
valse wingerd,Parthenocissus inserta (A.Kern.) Fritsch,Pi,BHP06/41-512-5/262 - stad Genk,71178.42030646777,NBHP
valse wingerd,Parthenocissus inserta (A.Kern.) Fritsch,Pi,Berkenbos-Wezel,47400.88934543514,NBHP
valse wingerd,Parthenocissus inserta (A.Kern.) Fritsch,Pi,Oostends Krekengebied-Geuzenbos,46885.199606435046,NBHP
Afghaanse duizendknoop,Koenigia polystachya (Wall. ex Meisn.) T.M.Schust. & Reveal,Kp,"Valleigebied van de Kleine Nete met brongebieden, moerassen en heiden",108494.4503052824,HBTRL
Afghaanse duizendknoop,Koenigia polystachya (Wall. ex Meisn.) T.M.Schust. & Reveal,Kp,"Bovenloop van de Grote Nete met Zammelsbroek, Langdonken en Goor",44446.333255920676,HBTRL
Afghaanse duizendknoop,Koenigia polystachya (Wall. ex Meisn.) T.M.Schust. & Reveal,Kp,Klein en Groot Schietveld,34259.05607433949,HBTRL
Afghaanse duizendknoop,Koenigia polystachya (Wall. ex Meisn.) T.M.Schust. & Reveal,Kp,De Ronde Put,58063.64449601216,VGLRL
Afghaanse duizendknoop,Koenigia polystachya (Wall. ex Meisn.) T.M.Schust. & Reveal,Kp,"Bocholt, Hechtel-Eksel, Meeuwen-Gruitrode, Neerpelt en Peer",41698.6120975262,VGLRL
Afghaanse duizendknoop,Koenigia polystachya (Wall. ex Meisn.) T.M.Schust. & Reveal,Kp,Bokrijk en omgeving,19629.808479001047,VGLRL
Afghaanse duizendknoop,Koenigia polystachya (Wall. ex Meisn.) T.M.Schust. & Reveal,Kp,Antwerpse Kempen,107191.07140396776,anb-regio
Afghaanse duizendknoop,Koenigia polystachya (Wall. ex Meisn.) T.M.Schust. & Reveal,Kp,Groene Gordels,64844.39839505844,anb-regio
Afghaanse duizendknoop,Koenigia polystachya (Wall. ex Meisn.) T.M.Schust. & Reveal,Kp,Taxandria,57558.68751782115,anb-regio
Afghaanse duizendknoop,Koenigia polystachya (Wall. ex Meisn.) T.M.Schust. & Reveal,Kp,Averegten,63849.52456744408,anb-domein
Afghaanse duizendknoop,Koenigia polystachya (Wall. ex Meisn.) T.M.Schust. & Reveal,Kp,MD Klein Schietveld,35658.46081627492,anb-domein
Afghaanse duizendknoop,Koenigia polystachya (Wall. ex Meisn.) T.M.Schust. & Reveal,Kp,Vrieselhof,28339.970062761975,anb-domein
Afghaanse duizendknoop,Koenigia polystachya (Wall. ex Meisn.) T.M.Schust. & Reveal,Kp,De Averegten,63849.52456744408,NBHP
Afghaanse duizendknoop,Koenigia polystachya (Wall. ex Meisn.) T.M.Schust. & Reveal,Kp,Vrieselhof,31057.81583402661,NBHP
Afghaanse duizendknoop,Koenigia polystachya (Wall. ex Meisn.) T.M.Schust. & Reveal,Kp,UBBP/AN/10/08 - Nachtegalenpark,28827.64940227376,NBHP
grote waterteunisbloem,Ludwigia grandiflora (Michx.) Greuter & Burdet,Lgr,Demervallei,2758368.6188739226,HBTRL
grote waterteunisbloem,Ludwigia grandiflora (Michx.) Greuter & Burdet,Lgr,"Valleigebied van de Kleine Nete met brongebieden, moerassen en heiden",1341470.3883913031,HBTRL
grote waterteunisbloem,Ludwigia grandiflora (Michx.) Greuter & Burdet,Lgr,Schelde- en Durme-estuarium van de Nederlandse grens tot Gent,627775.7678906692,HBTRL
grote waterteunisbloem,Ludwigia grandiflora (Michx.) Greuter & Burdet,Lgr,De Demervallei,5530582.118439681,VGLRL
grote waterteunisbloem,Ludwigia grandiflora (Michx.) Greuter & Burdet,Lgr,IJzervallei,2493108.8389878212,VGLRL
grote waterteunisbloem,Ludwigia grandiflora (Michx.) Greuter & Burdet,Lgr,Durme en de middenloop van de Schelde,439672.72752931446,VGLRL
grote waterteunisbloem,Ludwigia grandiflora (Michx.) Greuter & Burdet,Lgr,Demerland & Zuiderkempen,1549938.4793724078,anb-regio
grote waterteunisbloem,Ludwigia grandiflora (Michx.) Greuter & Burdet,Lgr,Groene Gordels,633826.4627231796,anb-regio
grote waterteunisbloem,Ludwigia grandiflora (Michx.) Greuter & Burdet,Lgr,Kust & Westhoek,551008.140098719,anb-regio
grote waterteunisbloem,Ludwigia grandiflora (Michx.) Greuter & Burdet,Lgr,Demerbroeken,915094.587246638,anb-domein
grote waterteunisbloem,Ludwigia grandiflora (Michx.) Greuter & Burdet,Lgr,Webbekoms en Diesters Broek,243311.4618202463,anb-domein
grote waterteunisbloem,Ludwigia grandiflora (Michx.) Greuter & Burdet,Lgr,Verdronken Weide,231659.1801941598,anb-domein
grote waterteunisbloem,Ludwigia grandiflora (Michx.) Greuter & Burdet,Lgr,De Blankaart,1646808.6942556063,NBHP
grote waterteunisbloem,Ludwigia grandiflora (Michx.) Greuter & Burdet,Lgr,Onbevaarbare waterlopen 1e categorie,1281954.5557600185,NBHP
grote waterteunisbloem,Ludwigia grandiflora (Michx.) Greuter & Burdet,Lgr,Schulensbroek,733603.8158560526,NBHP
wasbeer,"Procyon lotor L., 1758",Plo,Bos- en heidegebieden ten oosten van Antwerpen,453779.27835146483,HBTRL
wasbeer,"Procyon lotor L., 1758",Plo,Demervallei,332396.9043190942,HBTRL
wasbeer,"Procyon lotor L., 1758",Plo,"Bovenloop van de Grote Nete met Zammelsbroek, Langdonken en Goor",189951.01942176418,HBTRL
wasbeer,"Procyon lotor L., 1758",Plo,De Demervallei,230827.35606428282,VGLRL
wasbeer,"Procyon lotor L., 1758",Plo,Het Vijvercomplex van Midden-Limburg,94204.72123731143,VGLRL
wasbeer,"Procyon lotor L., 1758",Plo,Militair domein en de vallei van de Zwarte Beek,62803.147491526615,VGLRL
wasbeer,"Procyon lotor L., 1758",Plo,Antwerpse Kempen,310661.70455114986,anb-regio
wasbeer,"Procyon lotor L., 1758",Plo,Brabantse Wouden,127169.90250458283,anb-regio
wasbeer,"Procyon lotor L., 1758",Plo,Demerland & Zuiderkempen,115675.509586785,anb-regio
wasbeer,"Procyon lotor L., 1758",Plo,Vrieselhof,153231.44425334322,anb-domein
wasbeer,"Procyon lotor L., 1758",Plo,Zoerselbos,101829.05279012398,anb-domein
wasbeer,"Procyon lotor L., 1758",Plo,Zonienwoud,71778.41372602676,anb-domein
wasbeer,"Procyon lotor L., 1758",Plo,Zoerselbos,161496.7166162835,NBHP
wasbeer,"Procyon lotor L., 1758",Plo,Vrieselhof,153044.84180476548,NBHP
wasbeer,"Procyon lotor L., 1758",Plo,Demerbroeken,152752.6117521387,NBHP
gele maskerbloem,Erythranthe guttata (DC.) G.L.Nesom,Eg,"Bovenloop van de Grote Nete met Zammelsbroek, Langdonken en Goor",158572.72721444868,HBTRL
gele maskerbloem,Erythranthe guttata (DC.) G.L.Nesom,Eg,Schelde- en Durme-estuarium van de Nederlandse grens tot Gent,150131.44256324778,HBTRL
gele maskerbloem,Erythranthe guttata (DC.) G.L.Nesom,Eg,"Valleigebied van de Kleine Nete met brongebieden, moerassen en heiden",98830.85167232511,HBTRL
gele maskerbloem,Erythranthe guttata (DC.) G.L.Nesom,Eg,De Ronde Put,116550.36994644393,VGLRL
gele maskerbloem,Erythranthe guttata (DC.) G.L.Nesom,Eg,Durme en de middenloop van de Schelde,105596.18207257852,VGLRL
gele maskerbloem,Erythranthe guttata (DC.) G.L.Nesom,Eg,Militair domein en de vallei van de Zwarte Beek,73044.71211353544,VGLRL
gele maskerbloem,Erythranthe guttata (DC.) G.L.Nesom,Eg,Taxandria,299269.13161132246,anb-regio
gele maskerbloem,Erythranthe guttata (DC.) G.L.Nesom,Eg,Antwerpse Kempen,170394.04705511878,anb-regio
gele maskerbloem,Erythranthe guttata (DC.) G.L.Nesom,Eg,Vlaamse Ardennen & Schelde-Leie,122865.54049511564,anb-regio
gele maskerbloem,Erythranthe guttata (DC.) G.L.Nesom,Eg,Postels Natuurgebied - Deelgebied Watering NZ,71049.20302829487,anb-domein
gele maskerbloem,Erythranthe guttata (DC.) G.L.Nesom,Eg,De Most - Balen,62301.341571095916,anb-domein
gele maskerbloem,Erythranthe guttata (DC.) G.L.Nesom,Eg,Wachtbekken op de Molenbeek,44606.44020914592,anb-domein
gele maskerbloem,Erythranthe guttata (DC.) G.L.Nesom,Eg,Vallei van de Zwarte Beek,95209.46820932774,NBHP
gele maskerbloem,Erythranthe guttata (DC.) G.L.Nesom,Eg,Berlare Broek - Donkmeer,90669.01991719459,NBHP
gele maskerbloem,Erythranthe guttata (DC.) G.L.Nesom,Eg,Onbevaarbare waterlopen 1e categorie,78155.35963796618,NBHP
rode Amerikaanse rivierkreeft,"Procambarus clarkii Girard, 1852",Pcl,Polders,286320.6887508031,HBTRL
rode Amerikaanse rivierkreeft,"Procambarus clarkii Girard, 1852",Pcl,Schelde- en Durme-estuarium van de Nederlandse grens tot Gent,132123.29045229108,HBTRL
rode Amerikaanse rivierkreeft,"Procambarus clarkii Girard, 1852",Pcl,Bossen en heiden van zandig Vlaanderen: oostelijk deel,68771.25301400405,HBTRL
rode Amerikaanse rivierkreeft,"Procambarus clarkii Girard, 1852",Pcl,Poldercomplex,1499614.5356474924,VGLRL
rode Amerikaanse rivierkreeft,"Procambarus clarkii Girard, 1852",Pcl,Durme en de middenloop van de Schelde,114617.72036273635,VGLRL
rode Amerikaanse rivierkreeft,"Procambarus clarkii Girard, 1852",Pcl,Het Zwin,62803.147491543146,VGLRL
rode Amerikaanse rivierkreeft,"Procambarus clarkii Girard, 1852",Pcl,Groene Gordels,253352.68084638464,anb-regio
rode Amerikaanse rivierkreeft,"Procambarus clarkii Girard, 1852",Pcl,Kust & Westhoek,239188.32771588044,anb-regio
rode Amerikaanse rivierkreeft,"Procambarus clarkii Girard, 1852",Pcl,Demerland & Zuiderkempen,95126.87237744978,anb-regio
rode Amerikaanse rivierkreeft,"Procambarus clarkii Girard, 1852",Pcl,Domein Hofstade,226588.94979124432,anb-domein
rode Amerikaanse rivierkreeft,"Procambarus clarkii Girard, 1852",Pcl,Lage Moere van Meetkerke,98088.69543236475,anb-domein
rode Amerikaanse rivierkreeft,"Procambarus clarkii Girard, 1852",Pcl,Steenbergen,57858.17362191729,anb-domein
rode Amerikaanse rivierkreeft,"Procambarus clarkii Girard, 1852",Pcl,Stadswallen van Damme,254441.92313099426,NBHP
rode Amerikaanse rivierkreeft,"Procambarus clarkii Girard, 1852",Pcl,Laakvalleien,196215.84804836987,NBHP
rode Amerikaanse rivierkreeft,"Procambarus clarkii Girard, 1852",Pcl,Blankenbergse Polder Zuid,167761.02854631623,NBHP
marmergrondel,"Proterorhinus semilunaris (Heckel, 1837)",Ps,"Valleigebied van de Kleine Nete met brongebieden, moerassen en heiden",62779.74807729153,HBTRL
marmergrondel,"Proterorhinus semilunaris (Heckel, 1837)",Ps,"Hageven met Dommelvallei, Beverbeekse heide, Warmbeek en Wateringen",33923.23897649435,HBTRL
marmergrondel,"Proterorhinus semilunaris (Heckel, 1837)",Ps,"Itterbeek met Brand, Jagersborg en Schootsheide en Bergerven",31401.573745771777,HBTRL
marmergrondel,"Proterorhinus semilunaris (Heckel, 1837)",Ps,De Ronde Put,142130.82704805164,VGLRL
marmergrondel,"Proterorhinus semilunaris (Heckel, 1837)",Ps,"Hamonterheide, Hageven, Buitenheide, Stamprooierbroek en Mariahof",86155.29718695904,VGLRL
marmergrondel,"Proterorhinus semilunaris (Heckel, 1837)",Ps,Taxandria,164589.89824944502,anb-regio
marmergrondel,"Proterorhinus semilunaris (Heckel, 1837)",Ps,Lage tot aan Hoge Kempen,14734.561349155629,anb-regio
marmergrondel,"Proterorhinus semilunaris (Heckel, 1837)",Ps,Postelse Natuurgebieden - Deelgebied Kommiezenheide,105461.3020052585,anb-domein
marmergrondel,"Proterorhinus semilunaris (Heckel, 1837)",Ps,Goorken,30959.11948489875,anb-domein
marmergrondel,"Proterorhinus semilunaris (Heckel, 1837)",Ps,Straalmolen,28169.47675928776,anb-domein
marmergrondel,"Proterorhinus semilunaris (Heckel, 1837)",Ps,Postelse Reservaten,105771.85527179122,NBHP
marmergrondel,"Proterorhinus semilunaris (Heckel, 1837)",Ps,De Maat,53313.65663714096,NBHP
marmergrondel,"Proterorhinus semilunaris (Heckel, 1837)",Ps,Arendonk,29009.419458861812,NBHP
kleine waterteunisbloem,Ludwigia peploides (Kunth) P.H. Raven,Lp,Demervallei,31401.573745758098,HBTRL
kleine waterteunisbloem,Ludwigia peploides (Kunth) P.H. Raven,Lp,"Valleien van de Laambeek, Zonderikbeek, Slangebeek en Roosterbeek met vijvergebieden en heiden",19844.846022287922,HBTRL
kleine waterteunisbloem,Ludwigia peploides (Kunth) P.H. Raven,Lp,Historische fortengordels van Antwerpen als vleermuizenhabitats,16898.92399777478,HBTRL
kleine waterteunisbloem,Ludwigia peploides (Kunth) P.H. Raven,Lp,Schorren en polders van de Beneden-Schelde,463513.43816038285,VGLRL
kleine waterteunisbloem,Ludwigia peploides (Kunth) P.H. Raven,Lp,Het Vijvercomplex van Midden-Limburg,31401.573745764676,VGLRL
kleine waterteunisbloem,Ludwigia peploides (Kunth) P.H. Raven,Lp,De Kuifeend en de Blokkersdijk,26567.248366654094,VGLRL
kleine waterteunisbloem,Ludwigia peploides (Kunth) P.H. Raven,Lp,Antwerpse Kempen,356516.7871147932,anb-regio
kleine waterteunisbloem,Ludwigia peploides (Kunth) P.H. Raven,Lp,Demerland & Zuiderkempen,33499.7839873951,anb-regio
kleine waterteunisbloem,Ludwigia peploides (Kunth) P.H. Raven,Lp,Linkerscheldeoever - Drijdijck,352013.6065135427,anb-domein
kleine waterteunisbloem,Ludwigia peploides (Kunth) P.H. Raven,Lp,Vallei van de Drie Beken,20058.036918936705,anb-domein
kleine waterteunisbloem,Ludwigia peploides (Kunth) P.H. Raven,Lp,Vijvercomplex,13441.747068458393,anb-domein
kleine waterteunisbloem,Ludwigia peploides (Kunth) P.H. Raven,Lp,GGS-Drijdijck en Spaans Fort,347170.27026495646,NBHP
kleine waterteunisbloem,Ludwigia peploides (Kunth) P.H. Raven,Lp,Bourgoyen-Ossemeersen,188491.29811564166,NBHP
kleine waterteunisbloem,Ludwigia peploides (Kunth) P.H. Raven,Lp,Blokkersdijk,30003.58966533857,NBHP
egeria,Elodea densa (Planch.) Casp.,Ed,"Vallei- en brongebieden van de Zwarte Beek, Bolisserbeek en Dommel met heide en vengebieden",31910.66208465025,HBTRL
egeria,Elodea densa (Planch.) Casp.,Ed,"Valleien van de Laambeek, Zonderikbeek, Slangebeek en Roosterbeek met vijvergebieden en heiden",31401.57374576747,HBTRL
egeria,Elodea densa (Planch.) Casp.,Ed,Uiterwaarden langs de Limburgse Maas en Vijverbroek,22059.274508889066,HBTRL
egeria,Elodea densa (Planch.) Casp.,Ed,"Bocholt, Hechtel-Eksel, Meeuwen-Gruitrode, Neerpelt en Peer",32908.233949939255,VGLRL
egeria,Elodea densa (Planch.) Casp.,Ed,Groene Gordels,32452.804513404262,anb-regio
egeria,Elodea densa (Planch.) Casp.,Ed,Taxandria,29440.583597560348,anb-regio
egeria,Elodea densa (Planch.) Casp.,Ed,De Reukens,32452.804513404262,anb-domein
egeria,Elodea densa (Planch.) Casp.,Ed,Ginnekenshoek,28526.67346596718,anb-domein
egeria,Elodea densa (Planch.) Casp.,Ed,Vogelzang,913.9101315931694,anb-domein
egeria,Elodea densa (Planch.) Casp.,Ed,UBBP/AN/12/10 - gemeentebossen Beerse,29636.335621292543,NBHP
egeria,Elodea densa (Planch.) Casp.,Ed,Dommelvallei,16839.743485785366,NBHP
egeria,Elodea densa (Planch.) Casp.,Ed,Dal van de Grensmaas,13593.381143369392,NBHP
ongelijkbladig vederkruid,Myriophyllum heterophyllum Michaux,Mh,"Het Blak, Kievitsheide, Ekstergoor en nabijgelegen Kamsalamanderhabitats",196654.47324702694,HBTRL
ongelijkbladig vederkruid,Myriophyllum heterophyllum Michaux,Mh,Klein en Groot Schietveld,79370.07765531936,HBTRL
ongelijkbladig vederkruid,Myriophyllum heterophyllum Michaux,Mh,"Vennen, heiden en moerassen rond Turnhout",77800.82162707266,HBTRL
ongelijkbladig vederkruid,Myriophyllum heterophyllum Michaux,Mh,"Arendonk, Merksplas, Oud-Turnhout, Ravels en Turnhout",62803.1474915272,VGLRL
ongelijkbladig vederkruid,Myriophyllum heterophyllum Michaux,Mh,Antwerpse Kempen,147924.3074638475,anb-regio
ongelijkbladig vederkruid,Myriophyllum heterophyllum Michaux,Mh,Taxandria,65961.88286715662,anb-regio
ongelijkbladig vederkruid,Myriophyllum heterophyllum Michaux,Mh,MD Klein Schietveld,80214.29256809154,anb-domein
ongelijkbladig vederkruid,Myriophyllum heterophyllum Michaux,Mh,Eksterheide en omgeving,26322.05073273342,anb-domein
ongelijkbladig vederkruid,Myriophyllum heterophyllum Michaux,Mh,Volharding,24312.548027630895,anb-domein
ongelijkbladig vederkruid,Myriophyllum heterophyllum Michaux,Mh,Onbevaarbare waterlopen 1e categorie,96286.27495465757,NBHP
ongelijkbladig vederkruid,Myriophyllum heterophyllum Michaux,Mh,MD Klein Schietveld,80794.22975377389,NBHP
ongelijkbladig vederkruid,Myriophyllum heterophyllum Michaux,Mh,Absheide,63357.67018330711,NBHP
Aziatische boomwurger,Celastrus orbiculatus Thunb.,Co,Taxandria,2699.431494087912,anb-regio
Aziatische boomwurger,Celastrus orbiculatus Thunb.,Co,Overmaey,2699.431494087912,anb-domein
zijdeplant,Asclepias syriaca L.,As,Voerstreek,44908.676730325154,HBTRL
zijdeplant,Asclepias syriaca L.,As,Demervallei,32058.661015551857,HBTRL
zijdeplant,Asclepias syriaca L.,As,De Demervallei,32058.661015551857,VGLRL
zijdeplant,Asclepias syriaca L.,As,Vlaamse Ardennen & Schelde-Leie,58508.51550285846,anb-regio
zijdeplant,Asclepias syriaca L.,As,Taxandria,17922.964531280883,anb-regio
zijdeplant,Asclepias syriaca L.,As,Antwerpse Kempen,2299.786084962114,anb-regio
zijdeplant,Asclepias syriaca L.,As,Hospicegoed,58508.51550285846,anb-domein
zijdeplant,Asclepias syriaca L.,As,Hoge Rielen,10774.130703940868,anb-domein
zijdeplant,Asclepias syriaca L.,As,Papenakkers,6653.685233416298,anb-domein
zijdeplant,Asclepias syriaca L.,As,Hospicebossen,52775.90814516064,NBHP
zijdeplant,Asclepias syriaca L.,As,Boyen-Veurzen,18200.32801142044,NBHP
zijdeplant,Asclepias syriaca L.,As,Schulensbroek,16446.75690943656,NBHP
waterhyacint,Eichhornia crassipes (Martius) Solms,Ec,"Valleigebied van de Kleine Nete met brongebieden, moerassen en heiden",91368.72827507701,HBTRL
waterhyacint,Eichhornia crassipes (Martius) Solms,Ec,Kalmthoutse Heide,31401.573745773698,HBTRL
waterhyacint,Eichhornia crassipes (Martius) Solms,Ec,Kalmthoutse Heide,31401.573745773698,VGLRL
waterhyacint,Eichhornia crassipes (Martius) Solms,Ec,Schorren en polders van de Beneden-Schelde,31401.57374576974,VGLRL
waterhyacint,Eichhornia crassipes (Martius) Solms,Ec,Taxandria,61004.9702528797,anb-regio
waterhyacint,Eichhornia crassipes (Martius) Solms,Ec,Antwerpse Kempen,2760.9768774569966,anb-regio
waterhyacint,Eichhornia crassipes (Martius) Solms,Ec,Ponfort,31401.57374576421,anb-domein
waterhyacint,Eichhornia crassipes (Martius) Solms,Ec,Olens Broek - Langendonk - Eig. ANB,15389.16512051809,anb-domein
waterhyacint,Eichhornia crassipes (Martius) Solms,Ec,Neerheyden,14214.2313865974,anb-domein
waterhyacint,Eichhornia crassipes (Martius) Solms,Ec,Kasteelhoeve en Banmolen,41246.26867165703,NBHP
waterhyacint,Eichhornia crassipes (Martius) Solms,Ec,Onbevaarbare waterlopen 1e categorie,39804.994452648876,NBHP
waterhyacint,Eichhornia crassipes (Martius) Solms,Ec,Bossen van Retie,31401.57374576421,NBHP
watersla,Pistia stratiotes L.,Pst,"Valleigebied van de Kleine Nete met brongebieden, moerassen en heiden",144877.89490841562,HBTRL
watersla,Pistia stratiotes L.,Pst,"Bovenloop van de Grote Nete met Zammelsbroek, Langdonken en Goor",36320.49004319252,HBTRL
watersla,Pistia stratiotes L.,Pst,Schelde- en Durme-estuarium van de Nederlandse grens tot Gent,33686.673654128375,HBTRL
watersla,Pistia stratiotes L.,Pst,De Demervallei,31401.573745774862,VGLRL
watersla,Pistia stratiotes L.,Pst,"Hamonterheide, Hageven, Buitenheide, Stamprooierbroek en Mariahof",31401.57374577236,VGLRL
watersla,Pistia stratiotes L.,Pst,Durme en de middenloop van de Schelde,27313.79296354775,VGLRL
watersla,Pistia stratiotes L.,Pst,Taxandria,189871.75916014187,anb-regio
watersla,Pistia stratiotes L.,Pst,Groene Gordels,49223.37782297362,anb-regio
watersla,Pistia stratiotes L.,Pst,Vlaamse Ardennen & Schelde-Leie,7072.399259394391,anb-regio
watersla,Pistia stratiotes L.,Pst,Neerheyden,80799.19608401833,anb-domein
watersla,Pistia stratiotes L.,Pst,Ponfort,31401.573745773232,anb-domein
watersla,Pistia stratiotes L.,Pst,Breeven,31362.79273686005,anb-domein
watersla,Pistia stratiotes L.,Pst,UBBP/AN/11/05 - OCMW Herentals,91688.04390610961,NBHP
watersla,Pistia stratiotes L.,Pst,Onbevaarbare waterlopen 1e categorie,69304.67092468766,NBHP
watersla,Pistia stratiotes L.,Pst,Schupleer-Vuilvoort,35684.864939737905,NBHP
gestreepte Amerikaanse rivierkreeft,"Procambarus acutus (Girard, 1852)",Pa,"Valleien van de Laambeek, Zonderikbeek, Slangebeek en Roosterbeek met vijvergebieden en heiden",347506.164539924,HBTRL
gestreepte Amerikaanse rivierkreeft,"Procambarus acutus (Girard, 1852)",Pa,"Valleigebied van de Kleine Nete met brongebieden, moerassen en heiden",109412.69002798037,HBTRL
gestreepte Amerikaanse rivierkreeft,"Procambarus acutus (Girard, 1852)",Pa,Mechelse heide en vallei van de Ziepbeek,5307.78287065035,HBTRL
gestreepte Amerikaanse rivierkreeft,"Procambarus acutus (Girard, 1852)",Pa,Het Vijvercomplex van Midden-Limburg,389535.3408586035,VGLRL
gestreepte Amerikaanse rivierkreeft,"Procambarus acutus (Girard, 1852)",Pa,Schorren en polders van de Beneden-Schelde,62803.147491526615,VGLRL
gestreepte Amerikaanse rivierkreeft,"Procambarus acutus (Girard, 1852)",Pa,"De Maatjes, Wuustwezelheide en Groot Schietveld",14147.850485672068,VGLRL
gestreepte Amerikaanse rivierkreeft,"Procambarus acutus (Girard, 1852)",Pa,Demerland & Zuiderkempen,66621.39023354067,anb-regio
gestreepte Amerikaanse rivierkreeft,"Procambarus acutus (Girard, 1852)",Pa,Antwerpse Kempen,41535.828550395236,anb-regio
gestreepte Amerikaanse rivierkreeft,"Procambarus acutus (Girard, 1852)",Pa,Hoge Kempen tot Voeren,6342.4609512423485,anb-regio
gestreepte Amerikaanse rivierkreeft,"Procambarus acutus (Girard, 1852)",Pa,Vijvercomplex,66621.39023354067,anb-domein
gestreepte Amerikaanse rivierkreeft,"Procambarus acutus (Girard, 1852)",Pa,Linkerscheldeoever - Spaans Fort,41535.828550395236,anb-domein
gestreepte Amerikaanse rivierkreeft,"Procambarus acutus (Girard, 1852)",Pa,Isaekshoef,6342.4609512423485,anb-domein
gestreepte Amerikaanse rivierkreeft,"Procambarus acutus (Girard, 1852)",Pa,Vijvercomplex Midden-Limburg,66087.17851753131,NBHP
gestreepte Amerikaanse rivierkreeft,"Procambarus acutus (Girard, 1852)",Pa,GGS-Drijdijck en Spaans Fort,27449.12072242205,NBHP
gestreepte Amerikaanse rivierkreeft,"Procambarus acutus (Girard, 1852)",Pa,Wijvenheide,27404.406453981697,NBHP
Kaapse waterlelie,Aponogeton distachyos L.f.,Ad,Demervallei,54257.234523387524,HBTRL
Kaapse waterlelie,Aponogeton distachyos L.f.,Ad,De Demervallei,800906.3331167353,VGLRL
Kaapse waterlelie,Aponogeton distachyos L.f.,Ad,Demerland & Zuiderkempen,54575.240763008274,anb-regio
Kaapse waterlelie,Aponogeton distachyos L.f.,Ad,Borchbeemden,42782.73654909726,anb-domein
Kaapse waterlelie,Aponogeton distachyos L.f.,Ad,Mellaer,9495.390647994413,anb-domein
Kaapse waterlelie,Aponogeton distachyos L.f.,Ad,Houterveld,1595.2419399266364,anb-domein
Kaapse waterlelie,Aponogeton distachyos L.f.,Ad,Vallei van de Zwarte Beek,393394.7114754927,NBHP
Kaapse waterlelie,Aponogeton distachyos L.f.,Ad,Schulensbroek,102603.9305001332,NBHP
Kaapse waterlelie,Aponogeton distachyos L.f.,Ad,Onbevaarbare waterlopen 1e categorie,75754.98473469149,NBHP
grijze eekhoorn,"Sciurus carolinensis Gmelin, 1788",Sca,Zandig Vlaanderen,26623.771003093396,anb-regio
grijze eekhoorn,"Sciurus carolinensis Gmelin, 1788",Sca,Openbaar bos Lokeren: Verloren Bos,26623.771003093396,anb-domein
grijze eekhoorn,"Sciurus carolinensis Gmelin, 1788",Sca,Bossen Stad Lokeren,26653.1136202052,NBHP
grijze eekhoorn,"Sciurus carolinensis Gmelin, 1788",Sca,Buylaers,3959.7990290091548,NBHP
Mantsjoerese wilde rijst,Zizania latifolia (Griseb.) Hance ex F.Muell.,Zl,Zandig Vlaanderen,33425.05099150331,anb-regio
Mantsjoerese wilde rijst,Zizania latifolia (Griseb.) Hance ex F.Muell.,Zl,Moervaartvallei,33425.05099150331,anb-domein
Mantsjoerese wilde rijst,Zizania latifolia (Griseb.) Hance ex F.Muell.,Zl,Leiemeersen van Deinze,6065.671570752926,NBHP
moerasaronskelk,Lysichiton americanus Hultén & H. St. John,La,Abeek met aangrenzende moerasgebieden,58920.179436214385,HBTRL
moerasaronskelk,Lysichiton americanus Hultén & H. St. John,La,Bossen van de Vlaamse Ardennen en andere Zuidvlaamse bossen,38067.307879270986,HBTRL
moerasaronskelk,Lysichiton americanus Hultén & H. St. John,La,"Valleien van de Laambeek, Zonderikbeek, Slangebeek en Roosterbeek met vijvergebieden en heiden",37827.90049719011,HBTRL
moerasaronskelk,Lysichiton americanus Hultén & H. St. John,La,Bokrijk en omgeving,94397.84615502592,VGLRL
moerasaronskelk,Lysichiton americanus Hultén & H. St. John,La,"Bocholt, Hechtel-Eksel, Meeuwen-Gruitrode, Neerpelt en Peer",62803.147491533426,VGLRL
moerasaronskelk,Lysichiton americanus Hultén & H. St. John,La,Groene Gordels,196489.2961843302,anb-regio
moerasaronskelk,Lysichiton americanus Hultén & H. St. John,La,Brabantse Wouden,57102.229670043685,anb-regio
moerasaronskelk,Lysichiton americanus Hultén & H. St. John,La,Lage tot aan Hoge Kempen,31401.573745770147,anb-regio
moerasaronskelk,Lysichiton americanus Hultén & H. St. John,La,Plantentuin Meise,162900.05520259135,anb-domein
moerasaronskelk,Lysichiton americanus Hultén & H. St. John,La,Provinciedomein Huizingen,57102.229670043685,anb-domein
moerasaronskelk,Lysichiton americanus Hultén & H. St. John,La,Vrijbroekpark,33589.24098173884,anb-domein
moerasaronskelk,Lysichiton americanus Hultén & H. St. John,La,Bos- en aanvullend landschapsbeheerplan Bokrijk,91786.89029815211,NBHP
moerasaronskelk,Lysichiton americanus Hultén & H. St. John,La,Teut-Tenhaagdoornheide-Kelchterhoef,30578.86674395326,NBHP
moerasaronskelk,Lysichiton americanus Hultén & H. St. John,La,UBBP/AN/10/08 - Nachtegalenpark,28804.971986152657,NBHP
waterwaaier,Cabomba caroliniana Gray,Cca,Uiterwaarden langs de Limburgse Maas en Vijverbroek,15536.85823732015,HBTRL
waterwaaier,Cabomba caroliniana Gray,Cca,"Itterbeek met Brand, Jagersborg en Schootsheide en Bergerven",6280.353119843159,HBTRL
waterwaaier,Cabomba caroliniana Gray,Cca,Dal van de Grensmaas,21955.0143743637,NBHP
waterwaaier,Cabomba caroliniana Gray,Cca,Bergerven,11368.84198538289,NBHP
Chinese moerasslak,"Cipangopaludina chinensis (J.E.Gray, 1833)",Cch,"Valleien van de Laambeek, Zonderikbeek, Slangebeek en Roosterbeek met vijvergebieden en heiden",62279.73249293235,HBTRL
Chinese moerasslak,"Cipangopaludina chinensis (J.E.Gray, 1833)",Cch,"Bovenloop van de Grote Nete met Zammelsbroek, Langdonken en Goor",31401.573745761532,HBTRL
Chinese moerasslak,"Cipangopaludina chinensis (J.E.Gray, 1833)",Cch,Het Vijvercomplex van Midden-Limburg,62803.14749151957,VGLRL
Chinese moerasslak,"Cipangopaludina chinensis (J.E.Gray, 1833)",Cch,Demerland & Zuiderkempen,44602.7680177118,anb-regio
Chinese moerasslak,"Cipangopaludina chinensis (J.E.Gray, 1833)",Cch,Antwerpse Kempen,12406.738129291014,anb-regio
Chinese moerasslak,"Cipangopaludina chinensis (J.E.Gray, 1833)",Cch,Vijvercomplex,44602.7680177118,anb-domein
Chinese moerasslak,"Cipangopaludina chinensis (J.E.Gray, 1833)",Cch,Mastenbos,12406.738129291014,anb-domein
Chinese moerasslak,"Cipangopaludina chinensis (J.E.Gray, 1833)",Cch,Vijvercomplex Midden-Limburg,43562.80648602526,NBHP
Chinese moerasslak,"Cipangopaludina chinensis (J.E.Gray, 1833)",Cch,Griesbroek,15210.907573375203,NBHP
Chinese moerasslak,"Cipangopaludina chinensis (J.E.Gray, 1833)",Cch,UBP/AN/10/04 - Kapellen-Schoten-Brasschaat,12049.840315492911,NBHP
Kesslergrondel,"Ponticola kessleri (Günther, 1861)",Pk,"Hamonterheide, Hageven, Buitenheide, Stamprooierbroek en Mariahof",20830.484464693378,VGLRL
Kesslergrondel,"Ponticola kessleri (Günther, 1861)",Pk,Groene Gordels,22561.04809051572,anb-regio
Kesslergrondel,"Ponticola kessleri (Günther, 1861)",Pk,Vallei van de Grote Nete - Regio NZ - Eig. ANB,11797.866148583395,anb-domein
Kesslergrondel,"Ponticola kessleri (Günther, 1861)",Pk,Vallei van de Grote Nete - Regio SN - Eig. ANB,9789.639114460238,anb-domein
Kesslergrondel,"Ponticola kessleri (Günther, 1861)",Pk,Steenkensbeek,973.5428274720871,anb-domein
Kesslergrondel,"Ponticola kessleri (Günther, 1861)",Pk,BHP97/41-512-5/67 - DE WATERING,9087.046272812382,NBHP
Kesslergrondel,"Ponticola kessleri (Günther, 1861)",Pk,Vallei van de Grote Nete Hullebrug-Herenbossen,8676.247537773408,NBHP
Kesslergrondel,"Ponticola kessleri (Günther, 1861)",Pk,BHP09/41-512-5/301 - Kolis,6362.778955065623,NBHP
wasbeerhond,"Nyctereutes procyonoides Gray, 1834",Np,Zandig Vlaanderen,6208.658223552338,anb-regio
wasbeerhond,"Nyctereutes procyonoides Gray, 1834",Np,Duvelsnest (Ter Heide),6208.658223552338,anb-domein
wasbeerhond,"Nyctereutes procyonoides Gray, 1834",Np,Rode Dophei,6246.811344544869,NBHP
wasbeerhond,"Nyctereutes procyonoides Gray, 1834",Np,Sint-Andriesveld,712.3447289006799,NBHP
Aziatische hoornaar (soort),"Vespa velutina Lepeletier, 1836",Vv,Bossen van de Vlaamse Ardennen en andere Zuidvlaamse bossen,3243340.0368923307,HBTRL
Aziatische hoornaar (soort),"Vespa velutina Lepeletier, 1836",Vv,Duingebieden inclusief IJzermonding en Zwin,2792551.455169504,HBTRL
Aziatische hoornaar (soort),"Vespa velutina Lepeletier, 1836",Vv,Schelde- en Durme-estuarium van de Nederlandse grens tot Gent,2583732.0958763673,HBTRL
Aziatische hoornaar (soort),"Vespa velutina Lepeletier, 1836",Vv,Durme en de middenloop van de Schelde,2186861.33881062,VGLRL
Aziatische hoornaar (soort),"Vespa velutina Lepeletier, 1836",Vv,Westkust,1698585.5584588936,VGLRL
Aziatische hoornaar (soort),"Vespa velutina Lepeletier, 1836",Vv,De Demervallei,739317.7017253315,VGLRL
Aziatische hoornaar (soort),"Vespa velutina Lepeletier, 1836",Vv,Kust & Westhoek,4709367.74639074,anb-regio
Aziatische hoornaar (soort),"Vespa velutina Lepeletier, 1836",Vv,Vlaamse Ardennen & Schelde-Leie,2925538.064131197,anb-regio
Aziatische hoornaar (soort),"Vespa velutina Lepeletier, 1836",Vv,Brabantse Wouden,2668979.8134483276,anb-regio
Aziatische hoornaar (soort),"Vespa velutina Lepeletier, 1836",Vv,Plantentuin Meise,533747.0494101554,anb-domein
Aziatische hoornaar (soort),"Vespa velutina Lepeletier, 1836",Vv,Palingbeek,524194.8954593182,anb-domein
Aziatische hoornaar (soort),"Vespa velutina Lepeletier, 1836",Vv,Zonienwoud,441371.5091138474,anb-domein
Aziatische hoornaar (soort),"Vespa velutina Lepeletier, 1836",Vv,Onbevaarbare waterlopen 1e categorie,740294.0842425079,NBHP
Aziatische hoornaar (soort),"Vespa velutina Lepeletier, 1836",Vv,Zoniënwoud,711384.8283368454,NBHP
Aziatische hoornaar (soort),"Vespa velutina Lepeletier, 1836",Vv,Duinen en Bossen van De Panne,694851.0936735463,NBHP
Leidse plant,Saururus cernuus L.,Sce,Schelde- en Durme-estuarium van de Nederlandse grens tot Gent,46052.652644713584,HBTRL
Leidse plant,Saururus cernuus L.,Sce,Bokrijk en omgeving,31401.573745757574,VGLRL
Leidse plant,Saururus cernuus L.,Sce,Durme en de middenloop van de Schelde,23522.805962571256,VGLRL
Leidse plant,Saururus cernuus L.,Sce,Zandig Vlaanderen,19061.08936285369,anb-regio
Leidse plant,Saururus cernuus L.,Sce,Demerland & Zuiderkempen,1289.4094091262086,anb-regio
Leidse plant,Saururus cernuus L.,Sce,Berlarebroek,19061.08936285369,anb-domein
Leidse plant,Saururus cernuus L.,Sce,Bokrijk,1289.4094091262086,anb-domein
Leidse plant,Saururus cernuus L.,Sce,Bos- en aanvullend landschapsbeheerplan Bokrijk,30939.89737837785,NBHP
Leidse plant,Saururus cernuus L.,Sce,Berlare Broek - Donkmeer,18989.85583760715,NBHP
Leidse plant,Saururus cernuus L.,Sce,Demervallei,3361.4049322095525,NBHP
treurmaina,"Acridotheres tristis Linnaeus, 1766",At,Uiterwaarden langs de Limburgse Maas en Vijverbroek,9502.512648607488,HBTRL
moerasanemoon,Houttuynia cordata Thunb.,Hc,Schelde- en Durme-estuarium van de Nederlandse grens tot Gent,40033.64240757747,HBTRL
moerasanemoon,Houttuynia cordata Thunb.,Hc,"Valleigebied van de Kleine Nete met brongebieden, moerassen en heiden",28796.604463031632,HBTRL
moerasanemoon,Houttuynia cordata Thunb.,Hc,Durme en de middenloop van de Schelde,31401.57374576415,VGLRL
moerasanemoon,Houttuynia cordata Thunb.,Hc,Bokrijk en omgeving,15844.469607226085,VGLRL
moerasanemoon,Houttuynia cordata Thunb.,Hc,Groene Gordels,28719.88478965378,anb-regio
moerasanemoon,Houttuynia cordata Thunb.,Hc,Demerland & Zuiderkempen,11863.18942596318,anb-regio
moerasanemoon,Houttuynia cordata Thunb.,Hc,Antwerpse Kempen,10599.969762208828,anb-regio
moerasanemoon,Houttuynia cordata Thunb.,Hc,Spildoorn,28719.88478965378,anb-domein
moerasanemoon,Houttuynia cordata Thunb.,Hc,Den Brandt,9165.266255144525,anb-domein
moerasanemoon,Houttuynia cordata Thunb.,Hc,Welleke,6634.513937149983,anb-domein
moerasanemoon,Houttuynia cordata Thunb.,Hc,UBBP/AN/10/08 - Nachtegalenpark,21795.73291388034,NBHP
moerasanemoon,Houttuynia cordata Thunb.,Hc,Bos- en aanvullend landschapsbeheerplan Bokrijk,15660.100486576091,NBHP
moerasanemoon,Houttuynia cordata Thunb.,Hc,Vallei van de Winterbeek,4484.856175474983,NBHP
Turkse rivierkreeft,"Pontastacus leptodactylus (Eschscholtz, 1823)",Plep,Hallerbos en nabije boscomplexen met brongebieden en heiden,14272.603317549918,HBTRL
Turkse rivierkreeft,"Pontastacus leptodactylus (Eschscholtz, 1823)",Plep,Poldercomplex,62803.14749153328,VGLRL
Turkse rivierkreeft,"Pontastacus leptodactylus (Eschscholtz, 1823)",Plep,Groene Gordels,93222.19290010582,anb-regio
Turkse rivierkreeft,"Pontastacus leptodactylus (Eschscholtz, 1823)",Plep,Brabantse Wouden,27164.042952967342,anb-regio
Turkse rivierkreeft,"Pontastacus leptodactylus (Eschscholtz, 1823)",Plep,Kust & Westhoek,1356.8710863093802,anb-regio
Turkse rivierkreeft,"Pontastacus leptodactylus (Eschscholtz, 1823)",Plep,Ter Rijst,62637.303548830096,anb-domein
Turkse rivierkreeft,"Pontastacus leptodactylus (Eschscholtz, 1823)",Plep,Plantentuin Meise,30584.889351275724,anb-domein
Turkse rivierkreeft,"Pontastacus leptodactylus (Eschscholtz, 1823)",Plep,Provinciedomein Huizingen,27164.042952967342,anb-domein
Turkse rivierkreeft,"Pontastacus leptodactylus (Eschscholtz, 1823)",Plep,Bos Ter Rijst,5777.402046375835,NBHP
Turkse rivierkreeft,"Pontastacus leptodactylus (Eschscholtz, 1823)",Plep,Stadswallen van Damme,2038.39120941906,NBHP
marmerkreeft,"Procambarus virginalis Lyko, 2017",Pv,Provinciaal domein Kessel-Lo,167306.10477907266,NBHP
marmerkreeft,"Procambarus virginalis Lyko, 2017",Pv,Wolvenberg-Brilschans,38150.54203567043,NBHP
marmerkreeft,"Procambarus virginalis Lyko, 2017",Pv,Stiemerbeekvallei,8423.377103016013,NBHP
sikahert,"Cervus nippon Temminck, 1838",Cn,"Valleien van de Laambeek, Zonderikbeek, Slangebeek en Roosterbeek met vijvergebieden en heiden",516223.10057786957,HBTRL
sikahert,"Cervus nippon Temminck, 1838",Cn,"Valleien van de Dijle, Laan en IJse met aangrenzende bos- en moerasgebieden",62803.147491539654,HBTRL
sikahert,"Cervus nippon Temminck, 1838",Cn,"Bovenloop van de Grote Nete met Zammelsbroek, Langdonken en Goor",62277.50863305043,HBTRL
sikahert,"Cervus nippon Temminck, 1838",Cn,Het Vijvercomplex van Midden-Limburg,756834.2534707518,VGLRL
sikahert,"Cervus nippon Temminck, 1838",Cn,"Hamonterheide, Hageven, Buitenheide, Stamprooierbroek en Mariahof",31401.573745761416,VGLRL
sikahert,"Cervus nippon Temminck, 1838",Cn,Demerland & Zuiderkempen,555933.3644231268,anb-regio
sikahert,"Cervus nippon Temminck, 1838",Cn,Brabantse Wouden,50466.91070350481,anb-regio
sikahert,"Cervus nippon Temminck, 1838",Cn,Lage tot aan Hoge Kempen,14126.72639938118,anb-regio
sikahert,"Cervus nippon Temminck, 1838",Cn,Vijvercomplex,555933.3644231268,anb-domein
sikahert,"Cervus nippon Temminck, 1838",Cn,Rodebos en Laanvallei,50466.91070350481,anb-domein
sikahert,"Cervus nippon Temminck, 1838",Cn,Loods Houthalen,14126.72639938118,anb-domein
sikahert,"Cervus nippon Temminck, 1838",Cn,Vijvercomplex Midden-Limburg,555913.672349255,NBHP
sikahert,"Cervus nippon Temminck, 1838",Cn,"Dijle-, Laan- en Ijsevallei",60342.56306970927,NBHP
sikahert,"Cervus nippon Temminck, 1838",Cn,Sint-Maartensheide - De Luysen,31401.573745761416,NBHP
gewone gunnera,Gunnera tinctoria (Molina) Mirbel,Gt,"Leie, sectie Deinze - Sint-Baafs-Vijve",5037.2577918653915,NBHP
gewone gunnera,Gunnera tinctoria (Molina) Mirbel,Gt,Onbevaarbare waterlopen 1e categorie,1804.2053267740357,NBHP
Noord-Aziatische modderkruiper,"Misgurnus bipartitus (Sauvage & Dabry de Thiersant, 1874)",Mb,"Hamonterheide, Hageven, Buitenheide, Stamprooierbroek en Mariahof",189554.72074244265,VGLRL
Noord-Aziatische modderkruiper,"Misgurnus bipartitus (Sauvage & Dabry de Thiersant, 1874)",Mb,Lage tot aan Hoge Kempen,3431.3561592002625,anb-regio
Noord-Aziatische modderkruiper,"Misgurnus bipartitus (Sauvage & Dabry de Thiersant, 1874)",Mb,Broeksbeemden,3431.3561592002625,anb-domein
Noord-Aziatische modderkruiper,"Misgurnus bipartitus (Sauvage & Dabry de Thiersant, 1874)",Mb,Smeetshof,89808.50075983664,NBHP
Noord-Aziatische modderkruiper,"Misgurnus bipartitus (Sauvage & Dabry de Thiersant, 1874)",Mb,Lozerheide,3450.526434996438,NBHP
